-- phpMyAdmin SQL Dump
-- version 5.1.1
-- https://www.phpmyadmin.net/
--
-- Host: 127.0.0.1
-- Generation Time: Aug 24, 2022 at 03:04 AM
-- Server version: 10.4.22-MariaDB
-- PHP Version: 8.0.15

SET SQL_MODE = "NO_AUTO_VALUE_ON_ZERO";
START TRANSACTION;
SET time_zone = "+00:00";


/*!40101 SET @OLD_CHARACTER_SET_CLIENT=@@CHARACTER_SET_CLIENT */;
/*!40101 SET @OLD_CHARACTER_SET_RESULTS=@@CHARACTER_SET_RESULTS */;
/*!40101 SET @OLD_COLLATION_CONNECTION=@@COLLATION_CONNECTION */;
/*!40101 SET NAMES utf8mb4 */;

--
-- Database: `relationships`
--

-- --------------------------------------------------------

--
-- Table structure for table `categories`
--

CREATE TABLE `categories` (
  `id` bigint(20) UNSIGNED NOT NULL,
  `name` varchar(255) COLLATE utf8mb4_unicode_ci NOT NULL,
  `created_at` timestamp NULL DEFAULT NULL,
  `updated_at` timestamp NULL DEFAULT NULL
) ENGINE=InnoDB DEFAULT CHARSET=utf8mb4 COLLATE=utf8mb4_unicode_ci;

--
-- Dumping data for table `categories`
--

INSERT INTO `categories` (`id`, `name`, `created_at`, `updated_at`) VALUES
(1, 'necessitatibus', '2022-08-20 09:38:28', '2022-08-20 09:38:28'),
(2, 'in', '2022-08-20 09:38:28', '2022-08-20 09:38:28'),
(3, 'tempora', '2022-08-20 09:38:28', '2022-08-20 09:38:28'),
(4, 'occaecati', '2022-08-20 09:38:28', '2022-08-20 09:38:28'),
(5, 'quia', '2022-08-20 09:38:28', '2022-08-20 09:38:28'),
(6, 'minus', '2022-08-20 09:38:28', '2022-08-20 09:38:28'),
(7, 'sapiente', '2022-08-20 09:38:28', '2022-08-20 09:38:28'),
(8, 'et', '2022-08-20 09:38:28', '2022-08-20 09:38:28'),
(9, 'aliquid', '2022-08-20 09:38:28', '2022-08-20 09:38:28'),
(10, 'repellat', '2022-08-20 09:38:28', '2022-08-20 09:38:28');

-- --------------------------------------------------------

--
-- Table structure for table `category_post`
--

CREATE TABLE `category_post` (
  `id` bigint(20) UNSIGNED NOT NULL,
  `post_id` bigint(20) UNSIGNED NOT NULL,
  `category_id` bigint(20) UNSIGNED NOT NULL,
  `created_at` timestamp NULL DEFAULT NULL,
  `updated_at` timestamp NULL DEFAULT NULL
) ENGINE=InnoDB DEFAULT CHARSET=utf8mb4 COLLATE=utf8mb4_unicode_ci;

--
-- Dumping data for table `category_post`
--

INSERT INTO `category_post` (`id`, `post_id`, `category_id`, `created_at`, `updated_at`) VALUES
(1, 61, 5, '2022-08-20 09:38:31', '2022-08-20 09:38:31'),
(2, 60, 3, '2022-08-20 09:38:31', '2022-08-20 09:38:31'),
(3, 44, 9, '2022-08-20 09:38:31', '2022-08-20 09:38:31'),
(4, 65, 9, '2022-08-20 09:38:31', '2022-08-20 09:38:31'),
(5, 45, 7, '2022-08-20 09:38:31', '2022-08-20 09:38:31'),
(6, 67, 7, '2022-08-20 09:38:31', '2022-08-20 09:38:31'),
(7, 48, 1, '2022-08-20 09:38:31', '2022-08-20 09:38:31'),
(8, 2, 6, '2022-08-20 09:38:31', '2022-08-20 09:38:31'),
(9, 82, 6, '2022-08-20 09:38:31', '2022-08-20 09:38:31'),
(10, 95, 2, '2022-08-20 09:38:31', '2022-08-20 09:38:31'),
(11, 7, 7, '2022-08-20 09:38:31', '2022-08-20 09:38:31'),
(12, 91, 6, '2022-08-20 09:38:31', '2022-08-20 09:38:31'),
(13, 59, 1, '2022-08-20 09:38:31', '2022-08-20 09:38:31'),
(14, 19, 10, '2022-08-20 09:38:31', '2022-08-20 09:38:31'),
(15, 23, 7, '2022-08-20 09:38:31', '2022-08-20 09:38:31'),
(16, 63, 6, '2022-08-20 09:38:31', '2022-08-20 09:38:31'),
(17, 90, 3, '2022-08-20 09:38:31', '2022-08-20 09:38:31'),
(18, 28, 1, '2022-08-20 09:38:31', '2022-08-20 09:38:31'),
(19, 87, 7, '2022-08-20 09:38:31', '2022-08-20 09:38:31'),
(20, 60, 3, '2022-08-20 09:38:31', '2022-08-20 09:38:31'),
(21, 81, 4, '2022-08-20 09:38:31', '2022-08-20 09:38:31'),
(22, 4, 6, '2022-08-20 09:38:31', '2022-08-20 09:38:31'),
(23, 100, 3, '2022-08-20 09:38:31', '2022-08-20 09:38:31'),
(24, 89, 1, '2022-08-20 09:38:31', '2022-08-20 09:38:31'),
(25, 67, 1, '2022-08-20 09:38:31', '2022-08-20 09:38:31'),
(26, 96, 3, '2022-08-20 09:38:31', '2022-08-20 09:38:31'),
(27, 33, 10, '2022-08-20 09:38:31', '2022-08-20 09:38:31'),
(28, 23, 10, '2022-08-20 09:38:31', '2022-08-20 09:38:31'),
(29, 42, 10, '2022-08-20 09:38:31', '2022-08-20 09:38:31'),
(30, 99, 10, '2022-08-20 09:38:31', '2022-08-20 09:38:31'),
(31, 82, 1, '2022-08-20 09:38:31', '2022-08-20 09:38:31'),
(32, 40, 3, '2022-08-20 09:38:31', '2022-08-20 09:38:31'),
(33, 76, 10, '2022-08-20 09:38:31', '2022-08-20 09:38:31'),
(34, 42, 9, '2022-08-20 09:38:31', '2022-08-20 09:38:31'),
(35, 8, 2, '2022-08-20 09:38:31', '2022-08-20 09:38:31'),
(36, 75, 2, '2022-08-20 09:38:31', '2022-08-20 09:38:31'),
(37, 47, 2, '2022-08-20 09:38:31', '2022-08-20 09:38:31'),
(38, 40, 5, '2022-08-20 09:38:31', '2022-08-20 09:38:31'),
(39, 41, 9, '2022-08-20 09:38:31', '2022-08-20 09:38:31'),
(40, 51, 3, '2022-08-20 09:38:31', '2022-08-20 09:38:31'),
(41, 42, 8, '2022-08-20 09:38:31', '2022-08-20 09:38:31'),
(42, 32, 10, '2022-08-20 09:38:31', '2022-08-20 09:38:31'),
(43, 100, 2, '2022-08-20 09:38:31', '2022-08-20 09:38:31'),
(44, 31, 2, '2022-08-20 09:38:31', '2022-08-20 09:38:31'),
(45, 6, 2, '2022-08-20 09:38:31', '2022-08-20 09:38:31'),
(46, 68, 6, '2022-08-20 09:38:31', '2022-08-20 09:38:31'),
(47, 99, 5, '2022-08-20 09:38:31', '2022-08-20 09:38:31'),
(48, 53, 4, '2022-08-20 09:38:31', '2022-08-20 09:38:31'),
(49, 24, 5, '2022-08-20 09:38:31', '2022-08-20 09:38:31'),
(50, 3, 1, '2022-08-20 09:38:31', '2022-08-20 09:38:31'),
(51, 44, 10, '2022-08-20 09:38:31', '2022-08-20 09:38:31'),
(52, 97, 9, '2022-08-20 09:38:31', '2022-08-20 09:38:31'),
(53, 11, 2, '2022-08-20 09:38:31', '2022-08-20 09:38:31'),
(54, 40, 1, '2022-08-20 09:38:31', '2022-08-20 09:38:31'),
(55, 7, 2, '2022-08-20 09:38:31', '2022-08-20 09:38:31'),
(56, 8, 8, '2022-08-20 09:38:31', '2022-08-20 09:38:31'),
(57, 77, 6, '2022-08-20 09:38:31', '2022-08-20 09:38:31'),
(58, 89, 6, '2022-08-20 09:38:31', '2022-08-20 09:38:31'),
(59, 46, 9, '2022-08-20 09:38:31', '2022-08-20 09:38:31'),
(60, 41, 9, '2022-08-20 09:38:31', '2022-08-20 09:38:31'),
(61, 35, 9, '2022-08-20 09:38:31', '2022-08-20 09:38:31'),
(62, 77, 5, '2022-08-20 09:38:31', '2022-08-20 09:38:31'),
(63, 66, 1, '2022-08-20 09:38:31', '2022-08-20 09:38:31'),
(64, 61, 5, '2022-08-20 09:38:31', '2022-08-20 09:38:31'),
(65, 58, 7, '2022-08-20 09:38:31', '2022-08-20 09:38:31'),
(66, 5, 7, '2022-08-20 09:38:31', '2022-08-20 09:38:31'),
(67, 86, 2, '2022-08-20 09:38:31', '2022-08-20 09:38:31'),
(68, 24, 7, '2022-08-20 09:38:31', '2022-08-20 09:38:31'),
(69, 95, 2, '2022-08-20 09:38:31', '2022-08-20 09:38:31'),
(70, 60, 1, '2022-08-20 09:38:31', '2022-08-20 09:38:31'),
(71, 60, 7, '2022-08-20 09:38:31', '2022-08-20 09:38:31'),
(72, 13, 6, '2022-08-20 09:38:31', '2022-08-20 09:38:31'),
(73, 98, 6, '2022-08-20 09:38:31', '2022-08-20 09:38:31'),
(74, 16, 6, '2022-08-20 09:38:31', '2022-08-20 09:38:31'),
(75, 75, 3, '2022-08-20 09:38:31', '2022-08-20 09:38:31'),
(76, 73, 10, '2022-08-20 09:38:31', '2022-08-20 09:38:31'),
(77, 92, 10, '2022-08-20 09:38:31', '2022-08-20 09:38:31'),
(78, 26, 4, '2022-08-20 09:38:31', '2022-08-20 09:38:31'),
(79, 34, 2, '2022-08-20 09:38:31', '2022-08-20 09:38:31'),
(80, 58, 1, '2022-08-20 09:38:31', '2022-08-20 09:38:31'),
(81, 81, 1, '2022-08-20 09:38:31', '2022-08-20 09:38:31'),
(82, 37, 1, '2022-08-20 09:38:31', '2022-08-20 09:38:31'),
(83, 59, 2, '2022-08-20 09:38:31', '2022-08-20 09:38:31'),
(84, 48, 8, '2022-08-20 09:38:31', '2022-08-20 09:38:31'),
(85, 82, 4, '2022-08-20 09:38:31', '2022-08-20 09:38:31'),
(86, 97, 2, '2022-08-20 09:38:31', '2022-08-20 09:38:31'),
(87, 39, 9, '2022-08-20 09:38:31', '2022-08-20 09:38:31'),
(88, 42, 1, '2022-08-20 09:38:31', '2022-08-20 09:38:31'),
(89, 42, 6, '2022-08-20 09:38:31', '2022-08-20 09:38:31'),
(90, 54, 1, '2022-08-20 09:38:31', '2022-08-20 09:38:31'),
(91, 18, 9, '2022-08-20 09:38:31', '2022-08-20 09:38:31'),
(92, 42, 2, '2022-08-20 09:38:31', '2022-08-20 09:38:31'),
(93, 74, 1, '2022-08-20 09:38:31', '2022-08-20 09:38:31'),
(94, 44, 3, '2022-08-20 09:38:31', '2022-08-20 09:38:31'),
(95, 96, 6, '2022-08-20 09:38:31', '2022-08-20 09:38:31'),
(96, 78, 6, '2022-08-20 09:38:31', '2022-08-20 09:38:31'),
(97, 25, 10, '2022-08-20 09:38:31', '2022-08-20 09:38:31'),
(98, 69, 7, '2022-08-20 09:38:31', '2022-08-20 09:38:31'),
(99, 88, 10, '2022-08-20 09:38:31', '2022-08-20 09:38:31'),
(100, 84, 3, '2022-08-20 09:38:31', '2022-08-20 09:38:31'),
(101, 68, 10, '2022-08-20 09:38:31', '2022-08-20 09:38:31'),
(102, 33, 8, '2022-08-20 09:38:31', '2022-08-20 09:38:31'),
(103, 14, 8, '2022-08-20 09:38:31', '2022-08-20 09:38:31'),
(104, 41, 1, '2022-08-20 09:38:31', '2022-08-20 09:38:31'),
(105, 62, 10, '2022-08-20 09:38:31', '2022-08-20 09:38:31'),
(106, 18, 3, '2022-08-20 09:38:31', '2022-08-20 09:38:31'),
(107, 69, 5, '2022-08-20 09:38:31', '2022-08-20 09:38:31'),
(108, 69, 10, '2022-08-20 09:38:31', '2022-08-20 09:38:31'),
(109, 96, 8, '2022-08-20 09:38:31', '2022-08-20 09:38:31'),
(110, 91, 2, '2022-08-20 09:38:31', '2022-08-20 09:38:31'),
(111, 16, 3, '2022-08-20 09:38:31', '2022-08-20 09:38:31'),
(112, 5, 1, '2022-08-20 09:38:31', '2022-08-20 09:38:31'),
(113, 26, 2, '2022-08-20 09:38:31', '2022-08-20 09:38:31'),
(114, 95, 9, '2022-08-20 09:38:31', '2022-08-20 09:38:31'),
(115, 98, 7, '2022-08-20 09:38:31', '2022-08-20 09:38:31'),
(116, 8, 4, '2022-08-20 09:38:31', '2022-08-20 09:38:31'),
(117, 79, 1, '2022-08-20 09:38:31', '2022-08-20 09:38:31'),
(118, 70, 3, '2022-08-20 09:38:31', '2022-08-20 09:38:31'),
(119, 68, 5, '2022-08-20 09:38:31', '2022-08-20 09:38:31'),
(120, 5, 7, '2022-08-20 09:38:31', '2022-08-20 09:38:31'),
(121, 20, 8, '2022-08-20 09:38:31', '2022-08-20 09:38:31'),
(122, 48, 4, '2022-08-20 09:38:31', '2022-08-20 09:38:31'),
(123, 7, 3, '2022-08-20 09:38:31', '2022-08-20 09:38:31'),
(124, 71, 8, '2022-08-20 09:38:31', '2022-08-20 09:38:31'),
(125, 33, 5, '2022-08-20 09:38:31', '2022-08-20 09:38:31'),
(126, 39, 5, '2022-08-20 09:38:31', '2022-08-20 09:38:31'),
(127, 71, 3, '2022-08-20 09:38:31', '2022-08-20 09:38:31'),
(128, 83, 10, '2022-08-20 09:38:31', '2022-08-20 09:38:31'),
(129, 44, 7, '2022-08-20 09:38:31', '2022-08-20 09:38:31'),
(130, 65, 7, '2022-08-20 09:38:31', '2022-08-20 09:38:31'),
(131, 55, 1, '2022-08-20 09:38:31', '2022-08-20 09:38:31'),
(132, 58, 5, '2022-08-20 09:38:31', '2022-08-20 09:38:31'),
(133, 3, 1, '2022-08-20 09:38:31', '2022-08-20 09:38:31'),
(134, 40, 10, '2022-08-20 09:38:31', '2022-08-20 09:38:31'),
(135, 86, 5, '2022-08-20 09:38:31', '2022-08-20 09:38:31'),
(136, 79, 8, '2022-08-20 09:38:31', '2022-08-20 09:38:31'),
(137, 45, 5, '2022-08-20 09:38:31', '2022-08-20 09:38:31'),
(138, 38, 10, '2022-08-20 09:38:31', '2022-08-20 09:38:31'),
(139, 1, 2, '2022-08-20 09:38:31', '2022-08-20 09:38:31'),
(140, 38, 7, '2022-08-20 09:38:31', '2022-08-20 09:38:31'),
(141, 31, 8, '2022-08-20 09:38:31', '2022-08-20 09:38:31'),
(142, 52, 9, '2022-08-20 09:38:31', '2022-08-20 09:38:31'),
(143, 62, 3, '2022-08-20 09:38:31', '2022-08-20 09:38:31'),
(144, 98, 2, '2022-08-20 09:38:31', '2022-08-20 09:38:31'),
(145, 4, 2, '2022-08-20 09:38:31', '2022-08-20 09:38:31'),
(146, 3, 3, '2022-08-20 09:38:31', '2022-08-20 09:38:31'),
(147, 25, 2, '2022-08-20 09:38:31', '2022-08-20 09:38:31'),
(148, 45, 9, '2022-08-20 09:38:31', '2022-08-20 09:38:31'),
(149, 94, 6, '2022-08-20 09:38:31', '2022-08-20 09:38:31'),
(150, 6, 2, '2022-08-20 09:38:31', '2022-08-20 09:38:31'),
(151, 25, 9, '2022-08-20 09:38:31', '2022-08-20 09:38:31'),
(152, 71, 7, '2022-08-20 09:38:31', '2022-08-20 09:38:31'),
(153, 31, 8, '2022-08-20 09:38:31', '2022-08-20 09:38:31'),
(154, 65, 3, '2022-08-20 09:38:31', '2022-08-20 09:38:31'),
(155, 94, 7, '2022-08-20 09:38:31', '2022-08-20 09:38:31'),
(156, 96, 2, '2022-08-20 09:38:31', '2022-08-20 09:38:31'),
(157, 34, 7, '2022-08-20 09:38:31', '2022-08-20 09:38:31'),
(158, 35, 6, '2022-08-20 09:38:31', '2022-08-20 09:38:31'),
(159, 53, 8, '2022-08-20 09:38:31', '2022-08-20 09:38:31'),
(160, 60, 1, '2022-08-20 09:38:31', '2022-08-20 09:38:31'),
(161, 78, 6, '2022-08-20 09:38:31', '2022-08-20 09:38:31'),
(162, 82, 4, '2022-08-20 09:38:31', '2022-08-20 09:38:31'),
(163, 13, 10, '2022-08-20 09:38:31', '2022-08-20 09:38:31'),
(164, 36, 7, '2022-08-20 09:38:31', '2022-08-20 09:38:31'),
(165, 32, 8, '2022-08-20 09:38:31', '2022-08-20 09:38:31'),
(166, 93, 2, '2022-08-20 09:38:31', '2022-08-20 09:38:31'),
(167, 2, 4, '2022-08-20 09:38:31', '2022-08-20 09:38:31'),
(168, 56, 5, '2022-08-20 09:38:31', '2022-08-20 09:38:31'),
(169, 87, 4, '2022-08-20 09:38:31', '2022-08-20 09:38:31'),
(170, 6, 9, '2022-08-20 09:38:31', '2022-08-20 09:38:31'),
(171, 85, 6, '2022-08-20 09:38:31', '2022-08-20 09:38:31'),
(172, 94, 9, '2022-08-20 09:38:32', '2022-08-20 09:38:32'),
(173, 54, 5, '2022-08-20 09:38:32', '2022-08-20 09:38:32'),
(174, 83, 4, '2022-08-20 09:38:32', '2022-08-20 09:38:32'),
(175, 11, 4, '2022-08-20 09:38:32', '2022-08-20 09:38:32'),
(176, 99, 2, '2022-08-20 09:38:32', '2022-08-20 09:38:32'),
(177, 64, 4, '2022-08-20 09:38:32', '2022-08-20 09:38:32'),
(178, 28, 1, '2022-08-20 09:38:32', '2022-08-20 09:38:32'),
(179, 54, 4, '2022-08-20 09:38:32', '2022-08-20 09:38:32'),
(180, 50, 8, '2022-08-20 09:38:32', '2022-08-20 09:38:32'),
(181, 66, 10, '2022-08-20 09:38:32', '2022-08-20 09:38:32'),
(182, 82, 8, '2022-08-20 09:38:32', '2022-08-20 09:38:32'),
(183, 72, 2, '2022-08-20 09:38:32', '2022-08-20 09:38:32'),
(184, 51, 9, '2022-08-20 09:38:32', '2022-08-20 09:38:32'),
(185, 65, 3, '2022-08-20 09:38:32', '2022-08-20 09:38:32'),
(186, 44, 2, '2022-08-20 09:38:32', '2022-08-20 09:38:32'),
(187, 29, 3, '2022-08-20 09:38:32', '2022-08-20 09:38:32'),
(188, 65, 3, '2022-08-20 09:38:32', '2022-08-20 09:38:32'),
(189, 8, 4, '2022-08-20 09:38:32', '2022-08-20 09:38:32'),
(190, 73, 1, '2022-08-20 09:38:32', '2022-08-20 09:38:32'),
(191, 3, 5, '2022-08-20 09:38:32', '2022-08-20 09:38:32'),
(192, 20, 10, '2022-08-20 09:38:32', '2022-08-20 09:38:32'),
(193, 77, 4, '2022-08-20 09:38:32', '2022-08-20 09:38:32'),
(194, 67, 9, '2022-08-20 09:38:32', '2022-08-20 09:38:32'),
(195, 9, 1, '2022-08-20 09:38:32', '2022-08-20 09:38:32'),
(196, 12, 9, '2022-08-20 09:38:32', '2022-08-20 09:38:32'),
(197, 95, 4, '2022-08-20 09:38:32', '2022-08-20 09:38:32'),
(198, 8, 7, '2022-08-20 09:38:32', '2022-08-20 09:38:32'),
(199, 14, 8, '2022-08-20 09:38:32', '2022-08-20 09:38:32'),
(200, 99, 9, '2022-08-20 09:38:32', '2022-08-20 09:38:32'),
(201, 79, 2, '2022-08-20 09:38:32', '2022-08-20 09:38:32'),
(202, 11, 9, '2022-08-20 09:38:32', '2022-08-20 09:38:32'),
(203, 64, 6, '2022-08-20 09:38:32', '2022-08-20 09:38:32'),
(204, 44, 5, '2022-08-20 09:38:32', '2022-08-20 09:38:32'),
(205, 18, 3, '2022-08-20 09:38:32', '2022-08-20 09:38:32'),
(206, 44, 4, '2022-08-20 09:38:32', '2022-08-20 09:38:32'),
(207, 95, 2, '2022-08-20 09:38:32', '2022-08-20 09:38:32'),
(208, 95, 4, '2022-08-20 09:38:32', '2022-08-20 09:38:32'),
(209, 21, 4, '2022-08-20 09:38:32', '2022-08-20 09:38:32'),
(210, 93, 9, '2022-08-20 09:38:32', '2022-08-20 09:38:32'),
(211, 87, 6, '2022-08-20 09:38:32', '2022-08-20 09:38:32'),
(212, 74, 5, '2022-08-20 09:38:32', '2022-08-20 09:38:32'),
(213, 69, 9, '2022-08-20 09:38:32', '2022-08-20 09:38:32'),
(214, 13, 10, '2022-08-20 09:38:32', '2022-08-20 09:38:32'),
(215, 31, 9, '2022-08-20 09:38:32', '2022-08-20 09:38:32'),
(216, 31, 3, '2022-08-20 09:38:32', '2022-08-20 09:38:32'),
(217, 10, 5, '2022-08-20 09:38:32', '2022-08-20 09:38:32'),
(218, 12, 4, '2022-08-20 09:38:32', '2022-08-20 09:38:32'),
(219, 57, 4, '2022-08-20 09:38:32', '2022-08-20 09:38:32'),
(220, 5, 4, '2022-08-20 09:38:32', '2022-08-20 09:38:32'),
(221, 61, 7, '2022-08-20 09:38:32', '2022-08-20 09:38:32'),
(222, 38, 3, '2022-08-20 09:38:32', '2022-08-20 09:38:32'),
(223, 92, 4, '2022-08-20 09:38:32', '2022-08-20 09:38:32'),
(224, 12, 5, '2022-08-20 09:38:32', '2022-08-20 09:38:32'),
(225, 32, 6, '2022-08-20 09:38:32', '2022-08-20 09:38:32'),
(226, 99, 1, '2022-08-20 09:38:32', '2022-08-20 09:38:32'),
(227, 33, 8, '2022-08-20 09:38:32', '2022-08-20 09:38:32'),
(228, 53, 1, '2022-08-20 09:38:32', '2022-08-20 09:38:32'),
(229, 21, 7, '2022-08-20 09:38:32', '2022-08-20 09:38:32'),
(230, 42, 6, '2022-08-20 09:38:32', '2022-08-20 09:38:32'),
(231, 35, 4, '2022-08-20 09:38:32', '2022-08-20 09:38:32'),
(232, 88, 10, '2022-08-20 09:38:32', '2022-08-20 09:38:32'),
(233, 74, 1, '2022-08-20 09:38:32', '2022-08-20 09:38:32'),
(234, 3, 5, '2022-08-20 09:38:32', '2022-08-20 09:38:32'),
(235, 79, 8, '2022-08-20 09:38:32', '2022-08-20 09:38:32'),
(236, 30, 1, '2022-08-20 09:38:32', '2022-08-20 09:38:32'),
(237, 90, 4, '2022-08-20 09:38:32', '2022-08-20 09:38:32'),
(238, 33, 5, '2022-08-20 09:38:32', '2022-08-20 09:38:32'),
(239, 11, 2, '2022-08-20 09:38:32', '2022-08-20 09:38:32'),
(240, 84, 9, '2022-08-20 09:38:32', '2022-08-20 09:38:32'),
(241, 99, 1, '2022-08-20 09:38:32', '2022-08-20 09:38:32'),
(242, 19, 7, '2022-08-20 09:38:32', '2022-08-20 09:38:32'),
(243, 47, 1, '2022-08-20 09:38:32', '2022-08-20 09:38:32'),
(244, 82, 8, '2022-08-20 09:38:32', '2022-08-20 09:38:32'),
(245, 3, 3, '2022-08-20 09:38:32', '2022-08-20 09:38:32'),
(246, 40, 5, '2022-08-20 09:38:32', '2022-08-20 09:38:32'),
(247, 39, 1, '2022-08-20 09:38:32', '2022-08-20 09:38:32'),
(248, 62, 6, '2022-08-20 09:38:32', '2022-08-20 09:38:32'),
(249, 81, 4, '2022-08-20 09:38:32', '2022-08-20 09:38:32'),
(250, 65, 8, '2022-08-20 09:38:32', '2022-08-20 09:38:32'),
(251, 40, 6, '2022-08-20 09:38:32', '2022-08-20 09:38:32'),
(252, 19, 5, '2022-08-20 09:38:32', '2022-08-20 09:38:32'),
(253, 10, 6, '2022-08-20 09:38:32', '2022-08-20 09:38:32'),
(254, 27, 9, '2022-08-20 09:38:32', '2022-08-20 09:38:32'),
(255, 65, 6, '2022-08-20 09:38:32', '2022-08-20 09:38:32'),
(256, 31, 2, '2022-08-20 09:38:32', '2022-08-20 09:38:32'),
(257, 51, 2, '2022-08-20 09:38:32', '2022-08-20 09:38:32'),
(258, 89, 9, '2022-08-20 09:38:32', '2022-08-20 09:38:32'),
(259, 72, 1, '2022-08-20 09:38:32', '2022-08-20 09:38:32'),
(260, 32, 5, '2022-08-20 09:38:32', '2022-08-20 09:38:32'),
(261, 64, 10, '2022-08-20 09:38:32', '2022-08-20 09:38:32'),
(262, 63, 3, '2022-08-20 09:38:32', '2022-08-20 09:38:32'),
(263, 76, 2, '2022-08-20 09:38:32', '2022-08-20 09:38:32'),
(264, 22, 9, '2022-08-20 09:38:32', '2022-08-20 09:38:32'),
(265, 6, 2, '2022-08-20 09:38:32', '2022-08-20 09:38:32'),
(266, 95, 7, '2022-08-20 09:38:32', '2022-08-20 09:38:32'),
(267, 6, 7, '2022-08-20 09:38:32', '2022-08-20 09:38:32'),
(268, 61, 6, '2022-08-20 09:38:32', '2022-08-20 09:38:32'),
(269, 41, 6, '2022-08-20 09:38:32', '2022-08-20 09:38:32'),
(270, 77, 2, '2022-08-20 09:38:32', '2022-08-20 09:38:32'),
(271, 45, 2, '2022-08-20 09:38:32', '2022-08-20 09:38:32'),
(272, 87, 5, '2022-08-20 09:38:32', '2022-08-20 09:38:32'),
(273, 13, 1, '2022-08-20 09:38:32', '2022-08-20 09:38:32'),
(274, 96, 7, '2022-08-20 09:38:32', '2022-08-20 09:38:32'),
(275, 58, 2, '2022-08-20 09:38:32', '2022-08-20 09:38:32'),
(276, 58, 6, '2022-08-20 09:38:32', '2022-08-20 09:38:32'),
(277, 82, 10, '2022-08-20 09:38:32', '2022-08-20 09:38:32'),
(278, 16, 2, '2022-08-20 09:38:32', '2022-08-20 09:38:32'),
(279, 46, 5, '2022-08-20 09:38:32', '2022-08-20 09:38:32'),
(280, 75, 7, '2022-08-20 09:38:32', '2022-08-20 09:38:32'),
(281, 45, 4, '2022-08-20 09:38:32', '2022-08-20 09:38:32'),
(282, 58, 6, '2022-08-20 09:38:32', '2022-08-20 09:38:32'),
(283, 45, 10, '2022-08-20 09:38:32', '2022-08-20 09:38:32'),
(284, 32, 10, '2022-08-20 09:38:32', '2022-08-20 09:38:32'),
(285, 30, 1, '2022-08-20 09:38:32', '2022-08-20 09:38:32'),
(286, 59, 7, '2022-08-20 09:38:32', '2022-08-20 09:38:32'),
(287, 51, 9, '2022-08-20 09:38:32', '2022-08-20 09:38:32'),
(288, 50, 9, '2022-08-20 09:38:32', '2022-08-20 09:38:32'),
(289, 4, 5, '2022-08-20 09:38:32', '2022-08-20 09:38:32'),
(290, 71, 8, '2022-08-20 09:38:32', '2022-08-20 09:38:32'),
(291, 59, 5, '2022-08-20 09:38:32', '2022-08-20 09:38:32'),
(292, 15, 8, '2022-08-20 09:38:32', '2022-08-20 09:38:32'),
(293, 6, 5, '2022-08-20 09:38:32', '2022-08-20 09:38:32'),
(294, 79, 5, '2022-08-20 09:38:32', '2022-08-20 09:38:32'),
(295, 80, 4, '2022-08-20 09:38:32', '2022-08-20 09:38:32'),
(296, 75, 7, '2022-08-20 09:38:32', '2022-08-20 09:38:32'),
(297, 100, 5, '2022-08-20 09:38:32', '2022-08-20 09:38:32'),
(298, 55, 4, '2022-08-20 09:38:32', '2022-08-20 09:38:32'),
(299, 44, 5, '2022-08-20 09:38:32', '2022-08-20 09:38:32'),
(300, 6, 10, '2022-08-20 09:38:32', '2022-08-20 09:38:32'),
(301, 45, 2, '2022-08-20 09:38:32', '2022-08-20 09:38:32'),
(302, 71, 9, '2022-08-20 09:38:32', '2022-08-20 09:38:32'),
(303, 28, 5, '2022-08-20 09:38:32', '2022-08-20 09:38:32'),
(304, 2, 7, '2022-08-20 09:38:32', '2022-08-20 09:38:32'),
(305, 13, 6, '2022-08-20 09:38:32', '2022-08-20 09:38:32'),
(306, 61, 1, '2022-08-20 09:38:32', '2022-08-20 09:38:32'),
(307, 52, 2, '2022-08-20 09:38:32', '2022-08-20 09:38:32'),
(308, 22, 2, '2022-08-20 09:38:32', '2022-08-20 09:38:32'),
(309, 9, 3, '2022-08-20 09:38:32', '2022-08-20 09:38:32'),
(310, 99, 5, '2022-08-20 09:38:32', '2022-08-20 09:38:32'),
(311, 72, 8, '2022-08-20 09:38:32', '2022-08-20 09:38:32'),
(312, 42, 10, '2022-08-20 09:38:32', '2022-08-20 09:38:32'),
(313, 40, 8, '2022-08-20 09:38:32', '2022-08-20 09:38:32'),
(314, 8, 5, '2022-08-20 09:38:32', '2022-08-20 09:38:32'),
(315, 49, 1, '2022-08-20 09:38:32', '2022-08-20 09:38:32'),
(316, 61, 6, '2022-08-20 09:38:32', '2022-08-20 09:38:32'),
(317, 6, 4, '2022-08-20 09:38:32', '2022-08-20 09:38:32'),
(318, 87, 5, '2022-08-20 09:38:32', '2022-08-20 09:38:32'),
(319, 43, 1, '2022-08-20 09:38:32', '2022-08-20 09:38:32'),
(320, 63, 3, '2022-08-20 09:38:32', '2022-08-20 09:38:32'),
(321, 62, 10, '2022-08-20 09:38:32', '2022-08-20 09:38:32'),
(322, 83, 1, '2022-08-20 09:38:32', '2022-08-20 09:38:32'),
(323, 13, 7, '2022-08-20 09:38:32', '2022-08-20 09:38:32'),
(324, 33, 7, '2022-08-20 09:38:32', '2022-08-20 09:38:32'),
(325, 94, 8, '2022-08-20 09:38:32', '2022-08-20 09:38:32'),
(326, 66, 5, '2022-08-20 09:38:32', '2022-08-20 09:38:32'),
(327, 63, 10, '2022-08-20 09:38:32', '2022-08-20 09:38:32'),
(328, 8, 5, '2022-08-20 09:38:32', '2022-08-20 09:38:32'),
(329, 38, 4, '2022-08-20 09:38:32', '2022-08-20 09:38:32'),
(330, 33, 7, '2022-08-20 09:38:32', '2022-08-20 09:38:32'),
(331, 68, 1, '2022-08-20 09:38:32', '2022-08-20 09:38:32'),
(332, 81, 10, '2022-08-20 09:38:32', '2022-08-20 09:38:32'),
(333, 94, 3, '2022-08-20 09:38:32', '2022-08-20 09:38:32'),
(334, 24, 8, '2022-08-20 09:38:32', '2022-08-20 09:38:32'),
(335, 18, 6, '2022-08-20 09:38:32', '2022-08-20 09:38:32'),
(336, 96, 9, '2022-08-20 09:38:32', '2022-08-20 09:38:32'),
(337, 2, 1, '2022-08-20 09:38:32', '2022-08-20 09:38:32'),
(338, 94, 4, '2022-08-20 09:38:32', '2022-08-20 09:38:32'),
(339, 75, 3, '2022-08-20 09:38:32', '2022-08-20 09:38:32'),
(340, 83, 2, '2022-08-20 09:38:32', '2022-08-20 09:38:32'),
(341, 36, 6, '2022-08-20 09:38:32', '2022-08-20 09:38:32'),
(342, 66, 4, '2022-08-20 09:38:32', '2022-08-20 09:38:32'),
(343, 63, 2, '2022-08-20 09:38:32', '2022-08-20 09:38:32'),
(344, 21, 8, '2022-08-20 09:38:32', '2022-08-20 09:38:32'),
(345, 73, 2, '2022-08-20 09:38:32', '2022-08-20 09:38:32'),
(346, 46, 7, '2022-08-20 09:38:32', '2022-08-20 09:38:32'),
(347, 53, 5, '2022-08-20 09:38:32', '2022-08-20 09:38:32'),
(348, 56, 10, '2022-08-20 09:38:32', '2022-08-20 09:38:32'),
(349, 91, 9, '2022-08-20 09:38:32', '2022-08-20 09:38:32'),
(350, 52, 4, '2022-08-20 09:38:32', '2022-08-20 09:38:32'),
(351, 76, 8, '2022-08-20 09:38:32', '2022-08-20 09:38:32'),
(352, 69, 1, '2022-08-20 09:38:32', '2022-08-20 09:38:32'),
(353, 16, 7, '2022-08-20 09:38:32', '2022-08-20 09:38:32'),
(354, 88, 3, '2022-08-20 09:38:32', '2022-08-20 09:38:32'),
(355, 93, 9, '2022-08-20 09:38:32', '2022-08-20 09:38:32'),
(356, 86, 6, '2022-08-20 09:38:32', '2022-08-20 09:38:32'),
(357, 69, 2, '2022-08-20 09:38:32', '2022-08-20 09:38:32'),
(358, 19, 2, '2022-08-20 09:38:32', '2022-08-20 09:38:32'),
(359, 97, 3, '2022-08-20 09:38:32', '2022-08-20 09:38:32'),
(360, 99, 6, '2022-08-20 09:38:32', '2022-08-20 09:38:32'),
(361, 13, 3, '2022-08-20 09:38:32', '2022-08-20 09:38:32'),
(362, 55, 4, '2022-08-20 09:38:32', '2022-08-20 09:38:32'),
(363, 24, 9, '2022-08-20 09:38:32', '2022-08-20 09:38:32'),
(364, 3, 7, '2022-08-20 09:38:32', '2022-08-20 09:38:32'),
(365, 49, 9, '2022-08-20 09:38:32', '2022-08-20 09:38:32'),
(366, 25, 9, '2022-08-20 09:38:32', '2022-08-20 09:38:32'),
(367, 28, 6, '2022-08-20 09:38:32', '2022-08-20 09:38:32'),
(368, 70, 6, '2022-08-20 09:38:32', '2022-08-20 09:38:32'),
(369, 84, 3, '2022-08-20 09:38:32', '2022-08-20 09:38:32'),
(370, 97, 3, '2022-08-20 09:38:32', '2022-08-20 09:38:32'),
(371, 4, 2, '2022-08-20 09:38:32', '2022-08-20 09:38:32'),
(372, 68, 2, '2022-08-20 09:38:32', '2022-08-20 09:38:32'),
(373, 79, 5, '2022-08-20 09:38:33', '2022-08-20 09:38:33'),
(374, 36, 3, '2022-08-20 09:38:33', '2022-08-20 09:38:33'),
(375, 65, 1, '2022-08-20 09:38:33', '2022-08-20 09:38:33'),
(376, 50, 9, '2022-08-20 09:38:33', '2022-08-20 09:38:33'),
(377, 97, 4, '2022-08-20 09:38:33', '2022-08-20 09:38:33'),
(378, 37, 7, '2022-08-20 09:38:33', '2022-08-20 09:38:33'),
(379, 1, 7, '2022-08-20 09:38:33', '2022-08-20 09:38:33'),
(380, 77, 10, '2022-08-20 09:38:33', '2022-08-20 09:38:33'),
(381, 11, 6, '2022-08-20 09:38:33', '2022-08-20 09:38:33'),
(382, 70, 5, '2022-08-20 09:38:33', '2022-08-20 09:38:33'),
(383, 25, 5, '2022-08-20 09:38:33', '2022-08-20 09:38:33'),
(384, 90, 8, '2022-08-20 09:38:33', '2022-08-20 09:38:33'),
(385, 31, 5, '2022-08-20 09:38:33', '2022-08-20 09:38:33'),
(386, 83, 4, '2022-08-20 09:38:33', '2022-08-20 09:38:33'),
(387, 97, 1, '2022-08-20 09:38:33', '2022-08-20 09:38:33'),
(388, 34, 7, '2022-08-20 09:38:33', '2022-08-20 09:38:33'),
(389, 79, 8, '2022-08-20 09:38:33', '2022-08-20 09:38:33'),
(390, 81, 6, '2022-08-20 09:38:33', '2022-08-20 09:38:33'),
(391, 29, 10, '2022-08-20 09:38:33', '2022-08-20 09:38:33'),
(392, 12, 6, '2022-08-20 09:38:33', '2022-08-20 09:38:33'),
(393, 86, 7, '2022-08-20 09:38:33', '2022-08-20 09:38:33'),
(394, 8, 8, '2022-08-20 09:38:33', '2022-08-20 09:38:33'),
(395, 53, 4, '2022-08-20 09:38:33', '2022-08-20 09:38:33'),
(396, 34, 6, '2022-08-20 09:38:33', '2022-08-20 09:38:33'),
(397, 88, 8, '2022-08-20 09:38:33', '2022-08-20 09:38:33'),
(398, 71, 2, '2022-08-20 09:38:33', '2022-08-20 09:38:33'),
(399, 25, 5, '2022-08-20 09:38:33', '2022-08-20 09:38:33'),
(400, 32, 4, '2022-08-20 09:38:33', '2022-08-20 09:38:33'),
(401, 68, 2, '2022-08-20 09:38:33', '2022-08-20 09:38:33'),
(402, 37, 5, '2022-08-20 09:38:33', '2022-08-20 09:38:33'),
(403, 21, 1, '2022-08-20 09:38:33', '2022-08-20 09:38:33'),
(404, 76, 1, '2022-08-20 09:38:33', '2022-08-20 09:38:33'),
(405, 77, 7, '2022-08-20 09:38:33', '2022-08-20 09:38:33'),
(406, 46, 10, '2022-08-20 09:38:33', '2022-08-20 09:38:33'),
(407, 86, 6, '2022-08-20 09:38:33', '2022-08-20 09:38:33'),
(408, 69, 10, '2022-08-20 09:38:33', '2022-08-20 09:38:33'),
(409, 82, 9, '2022-08-20 09:38:33', '2022-08-20 09:38:33'),
(410, 82, 4, '2022-08-20 09:38:33', '2022-08-20 09:38:33'),
(411, 93, 4, '2022-08-20 09:38:33', '2022-08-20 09:38:33'),
(412, 67, 1, '2022-08-20 09:38:33', '2022-08-20 09:38:33'),
(413, 67, 5, '2022-08-20 09:38:33', '2022-08-20 09:38:33'),
(414, 2, 1, '2022-08-20 09:38:33', '2022-08-20 09:38:33'),
(415, 22, 3, '2022-08-20 09:38:33', '2022-08-20 09:38:33'),
(416, 94, 9, '2022-08-20 09:38:33', '2022-08-20 09:38:33'),
(417, 65, 7, '2022-08-20 09:38:33', '2022-08-20 09:38:33'),
(418, 21, 9, '2022-08-20 09:38:33', '2022-08-20 09:38:33'),
(419, 78, 3, '2022-08-20 09:38:33', '2022-08-20 09:38:33'),
(420, 61, 1, '2022-08-20 09:38:33', '2022-08-20 09:38:33'),
(421, 15, 6, '2022-08-20 09:38:33', '2022-08-20 09:38:33'),
(422, 10, 5, '2022-08-20 09:38:33', '2022-08-20 09:38:33'),
(423, 64, 4, '2022-08-20 09:38:33', '2022-08-20 09:38:33'),
(424, 79, 8, '2022-08-20 09:38:33', '2022-08-20 09:38:33'),
(425, 19, 1, '2022-08-20 09:38:33', '2022-08-20 09:38:33'),
(426, 16, 9, '2022-08-20 09:38:33', '2022-08-20 09:38:33'),
(427, 96, 7, '2022-08-20 09:38:33', '2022-08-20 09:38:33'),
(428, 92, 9, '2022-08-20 09:38:33', '2022-08-20 09:38:33'),
(429, 10, 10, '2022-08-20 09:38:33', '2022-08-20 09:38:33'),
(430, 94, 8, '2022-08-20 09:38:33', '2022-08-20 09:38:33'),
(431, 37, 10, '2022-08-20 09:38:33', '2022-08-20 09:38:33'),
(432, 93, 1, '2022-08-20 09:38:33', '2022-08-20 09:38:33'),
(433, 98, 9, '2022-08-20 09:38:33', '2022-08-20 09:38:33'),
(434, 79, 3, '2022-08-20 09:38:33', '2022-08-20 09:38:33'),
(435, 7, 8, '2022-08-20 09:38:33', '2022-08-20 09:38:33'),
(436, 46, 5, '2022-08-20 09:38:33', '2022-08-20 09:38:33'),
(437, 76, 6, '2022-08-20 09:38:33', '2022-08-20 09:38:33'),
(438, 87, 1, '2022-08-20 09:38:33', '2022-08-20 09:38:33'),
(439, 67, 7, '2022-08-20 09:38:33', '2022-08-20 09:38:33'),
(440, 9, 2, '2022-08-20 09:38:33', '2022-08-20 09:38:33'),
(441, 64, 10, '2022-08-20 09:38:33', '2022-08-20 09:38:33'),
(442, 72, 2, '2022-08-20 09:38:33', '2022-08-20 09:38:33'),
(443, 15, 3, '2022-08-20 09:38:33', '2022-08-20 09:38:33'),
(444, 15, 2, '2022-08-20 09:38:33', '2022-08-20 09:38:33'),
(445, 83, 9, '2022-08-20 09:38:33', '2022-08-20 09:38:33'),
(446, 49, 8, '2022-08-20 09:38:33', '2022-08-20 09:38:33'),
(447, 42, 2, '2022-08-20 09:38:33', '2022-08-20 09:38:33'),
(448, 21, 5, '2022-08-20 09:38:33', '2022-08-20 09:38:33'),
(449, 37, 10, '2022-08-20 09:38:33', '2022-08-20 09:38:33'),
(450, 21, 1, '2022-08-20 09:38:33', '2022-08-20 09:38:33'),
(451, 57, 8, '2022-08-20 09:38:33', '2022-08-20 09:38:33'),
(452, 38, 1, '2022-08-20 09:38:33', '2022-08-20 09:38:33'),
(453, 91, 1, '2022-08-20 09:38:33', '2022-08-20 09:38:33'),
(454, 38, 4, '2022-08-20 09:38:33', '2022-08-20 09:38:33'),
(455, 14, 1, '2022-08-20 09:38:33', '2022-08-20 09:38:33'),
(456, 88, 2, '2022-08-20 09:38:33', '2022-08-20 09:38:33'),
(457, 10, 7, '2022-08-20 09:38:33', '2022-08-20 09:38:33'),
(458, 32, 8, '2022-08-20 09:38:33', '2022-08-20 09:38:33'),
(459, 20, 6, '2022-08-20 09:38:33', '2022-08-20 09:38:33'),
(460, 4, 5, '2022-08-20 09:38:33', '2022-08-20 09:38:33'),
(461, 26, 10, '2022-08-20 09:38:33', '2022-08-20 09:38:33'),
(462, 28, 6, '2022-08-20 09:38:33', '2022-08-20 09:38:33'),
(463, 17, 8, '2022-08-20 09:38:33', '2022-08-20 09:38:33'),
(464, 60, 2, '2022-08-20 09:38:33', '2022-08-20 09:38:33'),
(465, 35, 4, '2022-08-20 09:38:33', '2022-08-20 09:38:33'),
(466, 20, 1, '2022-08-20 09:38:33', '2022-08-20 09:38:33'),
(467, 81, 1, '2022-08-20 09:38:33', '2022-08-20 09:38:33'),
(468, 37, 2, '2022-08-20 09:38:33', '2022-08-20 09:38:33'),
(469, 46, 3, '2022-08-20 09:38:33', '2022-08-20 09:38:33'),
(470, 82, 9, '2022-08-20 09:38:33', '2022-08-20 09:38:33'),
(471, 34, 3, '2022-08-20 09:38:33', '2022-08-20 09:38:33'),
(472, 66, 3, '2022-08-20 09:38:33', '2022-08-20 09:38:33'),
(473, 33, 8, '2022-08-20 09:38:33', '2022-08-20 09:38:33'),
(474, 48, 7, '2022-08-20 09:38:33', '2022-08-20 09:38:33'),
(475, 26, 4, '2022-08-20 09:38:33', '2022-08-20 09:38:33'),
(476, 89, 3, '2022-08-20 09:38:33', '2022-08-20 09:38:33'),
(477, 66, 9, '2022-08-20 09:38:33', '2022-08-20 09:38:33'),
(478, 48, 8, '2022-08-20 09:38:33', '2022-08-20 09:38:33'),
(479, 59, 3, '2022-08-20 09:38:33', '2022-08-20 09:38:33'),
(480, 35, 5, '2022-08-20 09:38:33', '2022-08-20 09:38:33'),
(481, 74, 4, '2022-08-20 09:38:33', '2022-08-20 09:38:33'),
(482, 77, 7, '2022-08-20 09:38:33', '2022-08-20 09:38:33'),
(483, 10, 9, '2022-08-20 09:38:33', '2022-08-20 09:38:33'),
(484, 96, 2, '2022-08-20 09:38:33', '2022-08-20 09:38:33'),
(485, 80, 9, '2022-08-20 09:38:33', '2022-08-20 09:38:33'),
(486, 4, 7, '2022-08-20 09:38:33', '2022-08-20 09:38:33'),
(487, 92, 3, '2022-08-20 09:38:33', '2022-08-20 09:38:33'),
(488, 90, 5, '2022-08-20 09:38:33', '2022-08-20 09:38:33'),
(489, 32, 6, '2022-08-20 09:38:33', '2022-08-20 09:38:33'),
(490, 100, 7, '2022-08-20 09:38:33', '2022-08-20 09:38:33'),
(491, 31, 8, '2022-08-20 09:38:33', '2022-08-20 09:38:33'),
(492, 42, 5, '2022-08-20 09:38:33', '2022-08-20 09:38:33'),
(493, 97, 1, '2022-08-20 09:38:33', '2022-08-20 09:38:33'),
(494, 46, 10, '2022-08-20 09:38:33', '2022-08-20 09:38:33'),
(495, 67, 3, '2022-08-20 09:38:33', '2022-08-20 09:38:33'),
(496, 31, 8, '2022-08-20 09:38:33', '2022-08-20 09:38:33'),
(497, 13, 1, '2022-08-20 09:38:33', '2022-08-20 09:38:33'),
(498, 22, 9, '2022-08-20 09:38:33', '2022-08-20 09:38:33'),
(499, 23, 10, '2022-08-20 09:38:33', '2022-08-20 09:38:33'),
(500, 74, 8, '2022-08-20 09:38:33', '2022-08-20 09:38:33'),
(501, 25, 10, '2022-08-20 09:38:33', '2022-08-20 09:38:33'),
(502, 52, 8, '2022-08-20 09:38:33', '2022-08-20 09:38:33'),
(503, 75, 5, '2022-08-20 09:38:33', '2022-08-20 09:38:33'),
(504, 17, 4, '2022-08-20 09:38:33', '2022-08-20 09:38:33'),
(505, 46, 3, '2022-08-20 09:38:33', '2022-08-20 09:38:33'),
(506, 50, 4, '2022-08-20 09:38:33', '2022-08-20 09:38:33'),
(507, 68, 3, '2022-08-20 09:38:33', '2022-08-20 09:38:33'),
(508, 58, 9, '2022-08-20 09:38:33', '2022-08-20 09:38:33'),
(509, 24, 5, '2022-08-20 09:38:33', '2022-08-20 09:38:33'),
(510, 5, 3, '2022-08-20 09:38:33', '2022-08-20 09:38:33'),
(511, 93, 7, '2022-08-20 09:38:33', '2022-08-20 09:38:33'),
(512, 54, 7, '2022-08-20 09:38:33', '2022-08-20 09:38:33'),
(513, 97, 5, '2022-08-20 09:38:33', '2022-08-20 09:38:33'),
(514, 2, 6, '2022-08-20 09:38:33', '2022-08-20 09:38:33'),
(515, 38, 9, '2022-08-20 09:38:33', '2022-08-20 09:38:33'),
(516, 19, 7, '2022-08-20 09:38:33', '2022-08-20 09:38:33'),
(517, 99, 10, '2022-08-20 09:38:33', '2022-08-20 09:38:33'),
(518, 37, 8, '2022-08-20 09:38:33', '2022-08-20 09:38:33'),
(519, 12, 6, '2022-08-20 09:38:33', '2022-08-20 09:38:33'),
(520, 39, 5, '2022-08-20 09:38:33', '2022-08-20 09:38:33'),
(521, 91, 2, '2022-08-20 09:38:33', '2022-08-20 09:38:33'),
(522, 47, 6, '2022-08-20 09:38:33', '2022-08-20 09:38:33'),
(523, 79, 9, '2022-08-20 09:38:33', '2022-08-20 09:38:33'),
(524, 89, 6, '2022-08-20 09:38:33', '2022-08-20 09:38:33'),
(525, 37, 10, '2022-08-20 09:38:33', '2022-08-20 09:38:33'),
(526, 8, 1, '2022-08-20 09:38:33', '2022-08-20 09:38:33'),
(527, 14, 9, '2022-08-20 09:38:33', '2022-08-20 09:38:33'),
(528, 51, 8, '2022-08-20 09:38:33', '2022-08-20 09:38:33'),
(529, 54, 5, '2022-08-20 09:38:33', '2022-08-20 09:38:33'),
(530, 22, 9, '2022-08-20 09:38:33', '2022-08-20 09:38:33'),
(531, 17, 9, '2022-08-20 09:38:33', '2022-08-20 09:38:33'),
(532, 38, 4, '2022-08-20 09:38:33', '2022-08-20 09:38:33'),
(533, 42, 9, '2022-08-20 09:38:33', '2022-08-20 09:38:33'),
(534, 98, 1, '2022-08-20 09:38:33', '2022-08-20 09:38:33'),
(535, 50, 1, '2022-08-20 09:38:33', '2022-08-20 09:38:33'),
(536, 21, 6, '2022-08-20 09:38:33', '2022-08-20 09:38:33'),
(537, 34, 2, '2022-08-20 09:38:33', '2022-08-20 09:38:33'),
(538, 34, 4, '2022-08-20 09:38:33', '2022-08-20 09:38:33'),
(539, 41, 7, '2022-08-20 09:38:33', '2022-08-20 09:38:33'),
(540, 53, 7, '2022-08-20 09:38:33', '2022-08-20 09:38:33'),
(541, 22, 6, '2022-08-20 09:38:33', '2022-08-20 09:38:33'),
(542, 98, 1, '2022-08-20 09:38:33', '2022-08-20 09:38:33'),
(543, 86, 1, '2022-08-20 09:38:33', '2022-08-20 09:38:33'),
(544, 14, 1, '2022-08-20 09:38:33', '2022-08-20 09:38:33'),
(545, 36, 1, '2022-08-20 09:38:33', '2022-08-20 09:38:33'),
(546, 72, 2, '2022-08-20 09:38:33', '2022-08-20 09:38:33'),
(547, 30, 2, '2022-08-20 09:38:33', '2022-08-20 09:38:33'),
(548, 94, 9, '2022-08-20 09:38:33', '2022-08-20 09:38:33'),
(549, 23, 7, '2022-08-20 09:38:33', '2022-08-20 09:38:33'),
(550, 98, 1, '2022-08-20 09:38:33', '2022-08-20 09:38:33'),
(551, 64, 4, '2022-08-20 09:38:33', '2022-08-20 09:38:33'),
(552, 35, 9, '2022-08-20 09:38:33', '2022-08-20 09:38:33'),
(553, 82, 7, '2022-08-20 09:38:33', '2022-08-20 09:38:33'),
(554, 50, 6, '2022-08-20 09:38:33', '2022-08-20 09:38:33'),
(555, 97, 8, '2022-08-20 09:38:33', '2022-08-20 09:38:33'),
(556, 26, 6, '2022-08-20 09:38:33', '2022-08-20 09:38:33'),
(557, 47, 8, '2022-08-20 09:38:33', '2022-08-20 09:38:33'),
(558, 95, 1, '2022-08-20 09:38:33', '2022-08-20 09:38:33'),
(559, 85, 7, '2022-08-20 09:38:33', '2022-08-20 09:38:33'),
(560, 38, 2, '2022-08-20 09:38:33', '2022-08-20 09:38:33'),
(561, 38, 6, '2022-08-20 09:38:33', '2022-08-20 09:38:33'),
(562, 43, 9, '2022-08-20 09:38:33', '2022-08-20 09:38:33'),
(563, 7, 10, '2022-08-20 09:38:33', '2022-08-20 09:38:33'),
(564, 73, 10, '2022-08-20 09:38:33', '2022-08-20 09:38:33'),
(565, 13, 7, '2022-08-20 09:38:33', '2022-08-20 09:38:33'),
(566, 36, 3, '2022-08-20 09:38:33', '2022-08-20 09:38:33'),
(567, 60, 7, '2022-08-20 09:38:33', '2022-08-20 09:38:33'),
(568, 60, 2, '2022-08-20 09:38:33', '2022-08-20 09:38:33'),
(569, 62, 10, '2022-08-20 09:38:33', '2022-08-20 09:38:33'),
(570, 72, 2, '2022-08-20 09:38:33', '2022-08-20 09:38:33'),
(571, 22, 10, '2022-08-20 09:38:33', '2022-08-20 09:38:33'),
(572, 87, 8, '2022-08-20 09:38:33', '2022-08-20 09:38:33'),
(573, 90, 10, '2022-08-20 09:38:33', '2022-08-20 09:38:33'),
(574, 88, 10, '2022-08-20 09:38:33', '2022-08-20 09:38:33'),
(575, 31, 5, '2022-08-20 09:38:33', '2022-08-20 09:38:33'),
(576, 45, 7, '2022-08-20 09:38:33', '2022-08-20 09:38:33'),
(577, 44, 6, '2022-08-20 09:38:33', '2022-08-20 09:38:33'),
(578, 4, 8, '2022-08-20 09:38:33', '2022-08-20 09:38:33'),
(579, 38, 9, '2022-08-20 09:38:33', '2022-08-20 09:38:33'),
(580, 49, 8, '2022-08-20 09:38:33', '2022-08-20 09:38:33'),
(581, 8, 1, '2022-08-20 09:38:33', '2022-08-20 09:38:33'),
(582, 35, 10, '2022-08-20 09:38:33', '2022-08-20 09:38:33'),
(583, 27, 7, '2022-08-20 09:38:33', '2022-08-20 09:38:33'),
(584, 32, 9, '2022-08-20 09:38:33', '2022-08-20 09:38:33'),
(585, 60, 3, '2022-08-20 09:38:34', '2022-08-20 09:38:34'),
(586, 26, 2, '2022-08-20 09:38:34', '2022-08-20 09:38:34'),
(587, 91, 7, '2022-08-20 09:38:34', '2022-08-20 09:38:34'),
(588, 46, 5, '2022-08-20 09:38:34', '2022-08-20 09:38:34'),
(589, 43, 9, '2022-08-20 09:38:34', '2022-08-20 09:38:34'),
(590, 2, 8, '2022-08-20 09:38:34', '2022-08-20 09:38:34'),
(591, 27, 8, '2022-08-20 09:38:34', '2022-08-20 09:38:34'),
(592, 15, 10, '2022-08-20 09:38:34', '2022-08-20 09:38:34'),
(593, 23, 2, '2022-08-20 09:38:34', '2022-08-20 09:38:34'),
(594, 78, 4, '2022-08-20 09:38:34', '2022-08-20 09:38:34'),
(595, 32, 9, '2022-08-20 09:38:34', '2022-08-20 09:38:34'),
(596, 12, 3, '2022-08-20 09:38:34', '2022-08-20 09:38:34'),
(597, 76, 3, '2022-08-20 09:38:34', '2022-08-20 09:38:34'),
(598, 67, 3, '2022-08-20 09:38:34', '2022-08-20 09:38:34'),
(599, 92, 9, '2022-08-20 09:38:34', '2022-08-20 09:38:34'),
(600, 14, 7, '2022-08-20 09:38:34', '2022-08-20 09:38:34'),
(601, 55, 8, '2022-08-20 09:38:34', '2022-08-20 09:38:34'),
(602, 94, 3, '2022-08-20 09:38:34', '2022-08-20 09:38:34'),
(603, 60, 10, '2022-08-20 09:38:34', '2022-08-20 09:38:34'),
(604, 14, 5, '2022-08-20 09:38:34', '2022-08-20 09:38:34'),
(605, 15, 10, '2022-08-20 09:38:34', '2022-08-20 09:38:34'),
(606, 4, 3, '2022-08-20 09:38:34', '2022-08-20 09:38:34'),
(607, 70, 7, '2022-08-20 09:38:34', '2022-08-20 09:38:34'),
(608, 33, 5, '2022-08-20 09:38:34', '2022-08-20 09:38:34'),
(609, 24, 8, '2022-08-20 09:38:34', '2022-08-20 09:38:34'),
(610, 53, 3, '2022-08-20 09:38:34', '2022-08-20 09:38:34'),
(611, 19, 7, '2022-08-20 09:38:34', '2022-08-20 09:38:34'),
(612, 15, 8, '2022-08-20 09:38:34', '2022-08-20 09:38:34'),
(613, 23, 9, '2022-08-20 09:38:34', '2022-08-20 09:38:34'),
(614, 80, 6, '2022-08-20 09:38:34', '2022-08-20 09:38:34'),
(615, 61, 6, '2022-08-20 09:38:34', '2022-08-20 09:38:34'),
(616, 88, 5, '2022-08-20 09:38:34', '2022-08-20 09:38:34'),
(617, 91, 3, '2022-08-20 09:38:34', '2022-08-20 09:38:34'),
(618, 73, 5, '2022-08-20 09:38:34', '2022-08-20 09:38:34'),
(619, 69, 1, '2022-08-20 09:38:34', '2022-08-20 09:38:34'),
(620, 47, 2, '2022-08-20 09:38:34', '2022-08-20 09:38:34'),
(621, 77, 7, '2022-08-20 09:38:34', '2022-08-20 09:38:34'),
(622, 6, 3, '2022-08-20 09:38:34', '2022-08-20 09:38:34'),
(623, 58, 2, '2022-08-20 09:38:34', '2022-08-20 09:38:34'),
(624, 41, 4, '2022-08-20 09:38:34', '2022-08-20 09:38:34'),
(625, 1, 10, '2022-08-20 09:38:34', '2022-08-20 09:38:34'),
(626, 24, 6, '2022-08-20 09:38:34', '2022-08-20 09:38:34'),
(627, 7, 8, '2022-08-20 09:38:34', '2022-08-20 09:38:34'),
(628, 69, 10, '2022-08-20 09:38:34', '2022-08-20 09:38:34'),
(629, 80, 1, '2022-08-20 09:38:34', '2022-08-20 09:38:34'),
(630, 82, 4, '2022-08-20 09:38:34', '2022-08-20 09:38:34'),
(631, 43, 4, '2022-08-20 09:38:34', '2022-08-20 09:38:34'),
(632, 37, 8, '2022-08-20 09:38:34', '2022-08-20 09:38:34'),
(633, 62, 10, '2022-08-20 09:38:34', '2022-08-20 09:38:34'),
(634, 9, 9, '2022-08-20 09:38:34', '2022-08-20 09:38:34'),
(635, 81, 2, '2022-08-20 09:38:34', '2022-08-20 09:38:34'),
(636, 7, 4, '2022-08-20 09:38:34', '2022-08-20 09:38:34'),
(637, 5, 8, '2022-08-20 09:38:34', '2022-08-20 09:38:34'),
(638, 48, 1, '2022-08-20 09:38:34', '2022-08-20 09:38:34'),
(639, 31, 8, '2022-08-20 09:38:34', '2022-08-20 09:38:34'),
(640, 70, 1, '2022-08-20 09:38:34', '2022-08-20 09:38:34'),
(641, 8, 5, '2022-08-20 09:38:34', '2022-08-20 09:38:34'),
(642, 34, 7, '2022-08-20 09:38:34', '2022-08-20 09:38:34'),
(643, 1, 3, '2022-08-20 09:38:34', '2022-08-20 09:38:34'),
(644, 31, 10, '2022-08-20 09:38:34', '2022-08-20 09:38:34'),
(645, 44, 8, '2022-08-20 09:38:34', '2022-08-20 09:38:34'),
(646, 31, 2, '2022-08-20 09:38:34', '2022-08-20 09:38:34'),
(647, 68, 10, '2022-08-20 09:38:34', '2022-08-20 09:38:34'),
(648, 28, 5, '2022-08-20 09:38:34', '2022-08-20 09:38:34'),
(649, 77, 9, '2022-08-20 09:38:34', '2022-08-20 09:38:34'),
(650, 61, 1, '2022-08-20 09:38:34', '2022-08-20 09:38:34'),
(651, 39, 2, '2022-08-20 09:38:34', '2022-08-20 09:38:34'),
(652, 87, 1, '2022-08-20 09:38:34', '2022-08-20 09:38:34'),
(653, 76, 1, '2022-08-20 09:38:34', '2022-08-20 09:38:34'),
(654, 32, 1, '2022-08-20 09:38:34', '2022-08-20 09:38:34'),
(655, 78, 4, '2022-08-20 09:38:34', '2022-08-20 09:38:34'),
(656, 98, 2, '2022-08-20 09:38:34', '2022-08-20 09:38:34'),
(657, 46, 10, '2022-08-20 09:38:34', '2022-08-20 09:38:34'),
(658, 58, 9, '2022-08-20 09:38:34', '2022-08-20 09:38:34'),
(659, 86, 9, '2022-08-20 09:38:34', '2022-08-20 09:38:34'),
(660, 92, 10, '2022-08-20 09:38:34', '2022-08-20 09:38:34'),
(661, 61, 1, '2022-08-20 09:38:34', '2022-08-20 09:38:34'),
(662, 66, 4, '2022-08-20 09:38:34', '2022-08-20 09:38:34'),
(663, 69, 1, '2022-08-20 09:38:34', '2022-08-20 09:38:34'),
(664, 53, 8, '2022-08-20 09:38:34', '2022-08-20 09:38:34'),
(665, 64, 6, '2022-08-20 09:38:34', '2022-08-20 09:38:34'),
(666, 92, 1, '2022-08-20 09:38:34', '2022-08-20 09:38:34'),
(667, 10, 3, '2022-08-20 09:38:34', '2022-08-20 09:38:34'),
(668, 68, 7, '2022-08-20 09:38:34', '2022-08-20 09:38:34'),
(669, 11, 1, '2022-08-20 09:38:34', '2022-08-20 09:38:34'),
(670, 47, 7, '2022-08-20 09:38:34', '2022-08-20 09:38:34'),
(671, 33, 3, '2022-08-20 09:38:34', '2022-08-20 09:38:34'),
(672, 11, 8, '2022-08-20 09:38:34', '2022-08-20 09:38:34'),
(673, 5, 3, '2022-08-20 09:38:34', '2022-08-20 09:38:34'),
(674, 14, 3, '2022-08-20 09:38:34', '2022-08-20 09:38:34'),
(675, 18, 2, '2022-08-20 09:38:34', '2022-08-20 09:38:34'),
(676, 33, 8, '2022-08-20 09:38:34', '2022-08-20 09:38:34'),
(677, 44, 1, '2022-08-20 09:38:34', '2022-08-20 09:38:34'),
(678, 3, 9, '2022-08-20 09:38:34', '2022-08-20 09:38:34'),
(679, 92, 6, '2022-08-20 09:38:34', '2022-08-20 09:38:34'),
(680, 75, 5, '2022-08-20 09:38:34', '2022-08-20 09:38:34'),
(681, 89, 2, '2022-08-20 09:38:34', '2022-08-20 09:38:34'),
(682, 76, 6, '2022-08-20 09:38:34', '2022-08-20 09:38:34'),
(683, 28, 10, '2022-08-20 09:38:34', '2022-08-20 09:38:34'),
(684, 40, 10, '2022-08-20 09:38:34', '2022-08-20 09:38:34'),
(685, 86, 7, '2022-08-20 09:38:34', '2022-08-20 09:38:34'),
(686, 35, 2, '2022-08-20 09:38:34', '2022-08-20 09:38:34'),
(687, 30, 8, '2022-08-20 09:38:34', '2022-08-20 09:38:34'),
(688, 88, 10, '2022-08-20 09:38:34', '2022-08-20 09:38:34'),
(689, 17, 4, '2022-08-20 09:38:34', '2022-08-20 09:38:34'),
(690, 44, 8, '2022-08-20 09:38:34', '2022-08-20 09:38:34'),
(691, 3, 9, '2022-08-20 09:38:34', '2022-08-20 09:38:34'),
(692, 41, 6, '2022-08-20 09:38:34', '2022-08-20 09:38:34'),
(693, 9, 5, '2022-08-20 09:38:34', '2022-08-20 09:38:34'),
(694, 78, 10, '2022-08-20 09:38:34', '2022-08-20 09:38:34'),
(695, 74, 7, '2022-08-20 09:38:34', '2022-08-20 09:38:34'),
(696, 51, 3, '2022-08-20 09:38:34', '2022-08-20 09:38:34'),
(697, 21, 5, '2022-08-20 09:38:34', '2022-08-20 09:38:34'),
(698, 94, 3, '2022-08-20 09:38:34', '2022-08-20 09:38:34'),
(699, 67, 1, '2022-08-20 09:38:34', '2022-08-20 09:38:34'),
(700, 90, 5, '2022-08-20 09:38:34', '2022-08-20 09:38:34'),
(701, 48, 8, '2022-08-20 09:38:34', '2022-08-20 09:38:34'),
(702, 26, 7, '2022-08-20 09:38:34', '2022-08-20 09:38:34'),
(703, 49, 7, '2022-08-20 09:38:34', '2022-08-20 09:38:34'),
(704, 8, 9, '2022-08-20 09:38:34', '2022-08-20 09:38:34'),
(705, 11, 6, '2022-08-20 09:38:34', '2022-08-20 09:38:34'),
(706, 62, 5, '2022-08-20 09:38:34', '2022-08-20 09:38:34'),
(707, 2, 5, '2022-08-20 09:38:34', '2022-08-20 09:38:34'),
(708, 47, 9, '2022-08-20 09:38:34', '2022-08-20 09:38:34'),
(709, 61, 4, '2022-08-20 09:38:34', '2022-08-20 09:38:34'),
(710, 58, 9, '2022-08-20 09:38:34', '2022-08-20 09:38:34'),
(711, 78, 6, '2022-08-20 09:38:34', '2022-08-20 09:38:34'),
(712, 7, 9, '2022-08-20 09:38:34', '2022-08-20 09:38:34'),
(713, 35, 8, '2022-08-20 09:38:34', '2022-08-20 09:38:34'),
(714, 15, 1, '2022-08-20 09:38:34', '2022-08-20 09:38:34'),
(715, 3, 10, '2022-08-20 09:38:34', '2022-08-20 09:38:34'),
(716, 48, 4, '2022-08-20 09:38:34', '2022-08-20 09:38:34'),
(717, 63, 6, '2022-08-20 09:38:34', '2022-08-20 09:38:34'),
(718, 17, 8, '2022-08-20 09:38:34', '2022-08-20 09:38:34'),
(719, 10, 6, '2022-08-20 09:38:34', '2022-08-20 09:38:34'),
(720, 51, 3, '2022-08-20 09:38:34', '2022-08-20 09:38:34'),
(721, 27, 1, '2022-08-20 09:38:34', '2022-08-20 09:38:34'),
(722, 86, 4, '2022-08-20 09:38:34', '2022-08-20 09:38:34'),
(723, 79, 4, '2022-08-20 09:38:34', '2022-08-20 09:38:34'),
(724, 68, 2, '2022-08-20 09:38:34', '2022-08-20 09:38:34'),
(725, 63, 7, '2022-08-20 09:38:34', '2022-08-20 09:38:34'),
(726, 51, 9, '2022-08-20 09:38:34', '2022-08-20 09:38:34'),
(727, 9, 2, '2022-08-20 09:38:34', '2022-08-20 09:38:34'),
(728, 47, 1, '2022-08-20 09:38:34', '2022-08-20 09:38:34'),
(729, 54, 2, '2022-08-20 09:38:34', '2022-08-20 09:38:34'),
(730, 20, 2, '2022-08-20 09:38:34', '2022-08-20 09:38:34'),
(731, 93, 10, '2022-08-20 09:38:34', '2022-08-20 09:38:34'),
(732, 86, 1, '2022-08-20 09:38:34', '2022-08-20 09:38:34'),
(733, 81, 8, '2022-08-20 09:38:34', '2022-08-20 09:38:34'),
(734, 15, 7, '2022-08-20 09:38:34', '2022-08-20 09:38:34'),
(735, 68, 8, '2022-08-20 09:38:34', '2022-08-20 09:38:34'),
(736, 72, 8, '2022-08-20 09:38:34', '2022-08-20 09:38:34'),
(737, 46, 7, '2022-08-20 09:38:34', '2022-08-20 09:38:34'),
(738, 29, 9, '2022-08-20 09:38:34', '2022-08-20 09:38:34'),
(739, 46, 10, '2022-08-20 09:38:34', '2022-08-20 09:38:34'),
(740, 41, 6, '2022-08-20 09:38:34', '2022-08-20 09:38:34'),
(741, 12, 8, '2022-08-20 09:38:34', '2022-08-20 09:38:34'),
(742, 97, 3, '2022-08-20 09:38:34', '2022-08-20 09:38:34'),
(743, 6, 1, '2022-08-20 09:38:34', '2022-08-20 09:38:34'),
(744, 34, 8, '2022-08-20 09:38:34', '2022-08-20 09:38:34'),
(745, 98, 2, '2022-08-20 09:38:34', '2022-08-20 09:38:34'),
(746, 78, 3, '2022-08-20 09:38:34', '2022-08-20 09:38:34'),
(747, 33, 2, '2022-08-20 09:38:34', '2022-08-20 09:38:34'),
(748, 43, 8, '2022-08-20 09:38:34', '2022-08-20 09:38:34'),
(749, 47, 6, '2022-08-20 09:38:34', '2022-08-20 09:38:34'),
(750, 66, 9, '2022-08-20 09:38:34', '2022-08-20 09:38:34'),
(751, 86, 1, '2022-08-20 09:38:34', '2022-08-20 09:38:34'),
(752, 79, 7, '2022-08-20 09:38:34', '2022-08-20 09:38:34'),
(753, 84, 7, '2022-08-20 09:38:34', '2022-08-20 09:38:34'),
(754, 24, 4, '2022-08-20 09:38:34', '2022-08-20 09:38:34'),
(755, 97, 9, '2022-08-20 09:38:34', '2022-08-20 09:38:34'),
(756, 15, 7, '2022-08-20 09:38:34', '2022-08-20 09:38:34'),
(757, 23, 7, '2022-08-20 09:38:34', '2022-08-20 09:38:34'),
(758, 22, 5, '2022-08-20 09:38:34', '2022-08-20 09:38:34'),
(759, 83, 1, '2022-08-20 09:38:34', '2022-08-20 09:38:34'),
(760, 93, 2, '2022-08-20 09:38:34', '2022-08-20 09:38:34'),
(761, 97, 3, '2022-08-20 09:38:34', '2022-08-20 09:38:34'),
(762, 7, 4, '2022-08-20 09:38:34', '2022-08-20 09:38:34'),
(763, 79, 3, '2022-08-20 09:38:34', '2022-08-20 09:38:34'),
(764, 29, 8, '2022-08-20 09:38:34', '2022-08-20 09:38:34'),
(765, 20, 4, '2022-08-20 09:38:34', '2022-08-20 09:38:34'),
(766, 97, 9, '2022-08-20 09:38:34', '2022-08-20 09:38:34'),
(767, 19, 6, '2022-08-20 09:38:34', '2022-08-20 09:38:34'),
(768, 27, 3, '2022-08-20 09:38:34', '2022-08-20 09:38:34'),
(769, 43, 9, '2022-08-20 09:38:34', '2022-08-20 09:38:34'),
(770, 28, 5, '2022-08-20 09:38:34', '2022-08-20 09:38:34'),
(771, 75, 10, '2022-08-20 09:38:34', '2022-08-20 09:38:34'),
(772, 81, 5, '2022-08-20 09:38:34', '2022-08-20 09:38:34'),
(773, 7, 5, '2022-08-20 09:38:34', '2022-08-20 09:38:34'),
(774, 52, 9, '2022-08-20 09:38:34', '2022-08-20 09:38:34'),
(775, 86, 7, '2022-08-20 09:38:34', '2022-08-20 09:38:34'),
(776, 81, 4, '2022-08-20 09:38:34', '2022-08-20 09:38:34'),
(777, 56, 1, '2022-08-20 09:38:34', '2022-08-20 09:38:34'),
(778, 18, 7, '2022-08-20 09:38:34', '2022-08-20 09:38:34'),
(779, 36, 5, '2022-08-20 09:38:34', '2022-08-20 09:38:34'),
(780, 59, 10, '2022-08-20 09:38:35', '2022-08-20 09:38:35'),
(781, 68, 5, '2022-08-20 09:38:35', '2022-08-20 09:38:35'),
(782, 51, 1, '2022-08-20 09:38:35', '2022-08-20 09:38:35'),
(783, 1, 2, '2022-08-20 09:38:35', '2022-08-20 09:38:35'),
(784, 36, 2, '2022-08-20 09:38:35', '2022-08-20 09:38:35'),
(785, 25, 3, '2022-08-20 09:38:36', '2022-08-20 09:38:36'),
(786, 72, 8, '2022-08-20 09:38:36', '2022-08-20 09:38:36'),
(787, 4, 9, '2022-08-20 09:38:36', '2022-08-20 09:38:36'),
(788, 80, 6, '2022-08-20 09:38:36', '2022-08-20 09:38:36'),
(789, 72, 8, '2022-08-20 09:38:36', '2022-08-20 09:38:36'),
(790, 93, 7, '2022-08-20 09:38:36', '2022-08-20 09:38:36'),
(791, 61, 9, '2022-08-20 09:38:36', '2022-08-20 09:38:36'),
(792, 45, 5, '2022-08-20 09:38:36', '2022-08-20 09:38:36'),
(793, 93, 3, '2022-08-20 09:38:36', '2022-08-20 09:38:36'),
(794, 10, 9, '2022-08-20 09:38:36', '2022-08-20 09:38:36'),
(795, 99, 10, '2022-08-20 09:38:36', '2022-08-20 09:38:36'),
(796, 88, 2, '2022-08-20 09:38:36', '2022-08-20 09:38:36'),
(797, 82, 8, '2022-08-20 09:38:36', '2022-08-20 09:38:36'),
(798, 5, 1, '2022-08-20 09:38:36', '2022-08-20 09:38:36'),
(799, 21, 6, '2022-08-20 09:38:36', '2022-08-20 09:38:36'),
(800, 72, 3, '2022-08-20 09:38:36', '2022-08-20 09:38:36'),
(801, 93, 9, '2022-08-20 09:38:36', '2022-08-20 09:38:36'),
(802, 21, 3, '2022-08-20 09:38:36', '2022-08-20 09:38:36'),
(803, 91, 1, '2022-08-20 09:38:36', '2022-08-20 09:38:36'),
(804, 50, 3, '2022-08-20 09:38:36', '2022-08-20 09:38:36'),
(805, 1, 4, '2022-08-20 09:38:37', '2022-08-20 09:38:37'),
(806, 57, 4, '2022-08-20 09:38:37', '2022-08-20 09:38:37'),
(807, 13, 6, '2022-08-20 09:38:37', '2022-08-20 09:38:37'),
(808, 38, 9, '2022-08-20 09:38:37', '2022-08-20 09:38:37'),
(809, 46, 6, '2022-08-20 09:38:37', '2022-08-20 09:38:37'),
(810, 3, 9, '2022-08-20 09:38:37', '2022-08-20 09:38:37'),
(811, 96, 8, '2022-08-20 09:38:37', '2022-08-20 09:38:37'),
(812, 57, 7, '2022-08-20 09:38:37', '2022-08-20 09:38:37'),
(813, 78, 8, '2022-08-20 09:38:37', '2022-08-20 09:38:37'),
(814, 88, 5, '2022-08-20 09:38:37', '2022-08-20 09:38:37'),
(815, 20, 1, '2022-08-20 09:38:37', '2022-08-20 09:38:37'),
(816, 98, 1, '2022-08-20 09:38:37', '2022-08-20 09:38:37'),
(817, 59, 8, '2022-08-20 09:38:37', '2022-08-20 09:38:37'),
(818, 92, 8, '2022-08-20 09:38:37', '2022-08-20 09:38:37'),
(819, 84, 9, '2022-08-20 09:38:37', '2022-08-20 09:38:37'),
(820, 98, 3, '2022-08-20 09:38:37', '2022-08-20 09:38:37'),
(821, 98, 4, '2022-08-20 09:38:37', '2022-08-20 09:38:37'),
(822, 51, 2, '2022-08-20 09:38:37', '2022-08-20 09:38:37'),
(823, 94, 10, '2022-08-20 09:38:37', '2022-08-20 09:38:37'),
(824, 78, 7, '2022-08-20 09:38:37', '2022-08-20 09:38:37'),
(825, 29, 10, '2022-08-20 09:38:37', '2022-08-20 09:38:37'),
(826, 39, 9, '2022-08-20 09:38:37', '2022-08-20 09:38:37'),
(827, 93, 8, '2022-08-20 09:38:37', '2022-08-20 09:38:37'),
(828, 85, 5, '2022-08-20 09:38:37', '2022-08-20 09:38:37'),
(829, 42, 9, '2022-08-20 09:38:37', '2022-08-20 09:38:37'),
(830, 92, 9, '2022-08-20 09:38:37', '2022-08-20 09:38:37'),
(831, 85, 1, '2022-08-20 09:38:37', '2022-08-20 09:38:37'),
(832, 62, 7, '2022-08-20 09:38:37', '2022-08-20 09:38:37'),
(833, 38, 4, '2022-08-20 09:38:37', '2022-08-20 09:38:37'),
(834, 33, 7, '2022-08-20 09:38:37', '2022-08-20 09:38:37'),
(835, 68, 2, '2022-08-20 09:38:37', '2022-08-20 09:38:37'),
(836, 88, 10, '2022-08-20 09:38:37', '2022-08-20 09:38:37'),
(837, 71, 3, '2022-08-20 09:38:37', '2022-08-20 09:38:37'),
(838, 86, 1, '2022-08-20 09:38:37', '2022-08-20 09:38:37'),
(839, 45, 7, '2022-08-20 09:38:37', '2022-08-20 09:38:37'),
(840, 28, 10, '2022-08-20 09:38:37', '2022-08-20 09:38:37'),
(841, 1, 10, '2022-08-20 09:38:37', '2022-08-20 09:38:37'),
(842, 22, 9, '2022-08-20 09:38:37', '2022-08-20 09:38:37'),
(843, 27, 1, '2022-08-20 09:38:37', '2022-08-20 09:38:37'),
(844, 25, 4, '2022-08-20 09:38:37', '2022-08-20 09:38:37'),
(845, 56, 4, '2022-08-20 09:38:37', '2022-08-20 09:38:37'),
(846, 38, 10, '2022-08-20 09:38:37', '2022-08-20 09:38:37'),
(847, 32, 1, '2022-08-20 09:38:37', '2022-08-20 09:38:37'),
(848, 37, 4, '2022-08-20 09:38:37', '2022-08-20 09:38:37'),
(849, 17, 3, '2022-08-20 09:38:37', '2022-08-20 09:38:37'),
(850, 26, 1, '2022-08-20 09:38:37', '2022-08-20 09:38:37'),
(851, 6, 3, '2022-08-20 09:38:37', '2022-08-20 09:38:37'),
(852, 19, 5, '2022-08-20 09:38:37', '2022-08-20 09:38:37'),
(853, 30, 1, '2022-08-20 09:38:37', '2022-08-20 09:38:37'),
(854, 30, 3, '2022-08-20 09:38:37', '2022-08-20 09:38:37'),
(855, 54, 4, '2022-08-20 09:38:37', '2022-08-20 09:38:37'),
(856, 25, 8, '2022-08-20 09:38:37', '2022-08-20 09:38:37'),
(857, 44, 5, '2022-08-20 09:38:37', '2022-08-20 09:38:37'),
(858, 99, 6, '2022-08-20 09:38:37', '2022-08-20 09:38:37'),
(859, 76, 9, '2022-08-20 09:38:37', '2022-08-20 09:38:37'),
(860, 29, 4, '2022-08-20 09:38:37', '2022-08-20 09:38:37'),
(861, 34, 2, '2022-08-20 09:38:37', '2022-08-20 09:38:37'),
(862, 48, 8, '2022-08-20 09:38:37', '2022-08-20 09:38:37');
INSERT INTO `category_post` (`id`, `post_id`, `category_id`, `created_at`, `updated_at`) VALUES
(863, 50, 4, '2022-08-20 09:38:37', '2022-08-20 09:38:37'),
(864, 99, 5, '2022-08-20 09:38:37', '2022-08-20 09:38:37'),
(865, 1, 6, '2022-08-20 09:38:37', '2022-08-20 09:38:37'),
(866, 80, 6, '2022-08-20 09:38:37', '2022-08-20 09:38:37'),
(867, 78, 9, '2022-08-20 09:38:37', '2022-08-20 09:38:37'),
(868, 24, 8, '2022-08-20 09:38:37', '2022-08-20 09:38:37'),
(869, 64, 4, '2022-08-20 09:38:37', '2022-08-20 09:38:37'),
(870, 68, 9, '2022-08-20 09:38:37', '2022-08-20 09:38:37'),
(871, 77, 3, '2022-08-20 09:38:37', '2022-08-20 09:38:37'),
(872, 14, 9, '2022-08-20 09:38:37', '2022-08-20 09:38:37'),
(873, 91, 3, '2022-08-20 09:38:37', '2022-08-20 09:38:37'),
(874, 91, 10, '2022-08-20 09:38:37', '2022-08-20 09:38:37'),
(875, 69, 2, '2022-08-20 09:38:37', '2022-08-20 09:38:37'),
(876, 17, 3, '2022-08-20 09:38:37', '2022-08-20 09:38:37'),
(877, 93, 1, '2022-08-20 09:38:37', '2022-08-20 09:38:37'),
(878, 49, 10, '2022-08-20 09:38:37', '2022-08-20 09:38:37'),
(879, 90, 6, '2022-08-20 09:38:37', '2022-08-20 09:38:37'),
(880, 97, 9, '2022-08-20 09:38:37', '2022-08-20 09:38:37'),
(881, 89, 2, '2022-08-20 09:38:37', '2022-08-20 09:38:37'),
(882, 45, 2, '2022-08-20 09:38:37', '2022-08-20 09:38:37'),
(883, 10, 5, '2022-08-20 09:38:37', '2022-08-20 09:38:37'),
(884, 24, 6, '2022-08-20 09:38:37', '2022-08-20 09:38:37'),
(885, 39, 4, '2022-08-20 09:38:37', '2022-08-20 09:38:37'),
(886, 83, 9, '2022-08-20 09:38:37', '2022-08-20 09:38:37'),
(887, 40, 9, '2022-08-20 09:38:37', '2022-08-20 09:38:37'),
(888, 15, 7, '2022-08-20 09:38:37', '2022-08-20 09:38:37'),
(889, 98, 5, '2022-08-20 09:38:37', '2022-08-20 09:38:37'),
(890, 96, 8, '2022-08-20 09:38:37', '2022-08-20 09:38:37'),
(891, 87, 10, '2022-08-20 09:38:37', '2022-08-20 09:38:37'),
(892, 63, 6, '2022-08-20 09:38:37', '2022-08-20 09:38:37'),
(893, 97, 7, '2022-08-20 09:38:37', '2022-08-20 09:38:37'),
(894, 76, 9, '2022-08-20 09:38:37', '2022-08-20 09:38:37'),
(895, 1, 7, '2022-08-20 09:38:37', '2022-08-20 09:38:37'),
(896, 34, 5, '2022-08-20 09:38:37', '2022-08-20 09:38:37'),
(897, 87, 3, '2022-08-20 09:38:37', '2022-08-20 09:38:37'),
(898, 39, 6, '2022-08-20 09:38:37', '2022-08-20 09:38:37'),
(899, 41, 2, '2022-08-20 09:38:37', '2022-08-20 09:38:37'),
(900, 46, 1, '2022-08-20 09:38:37', '2022-08-20 09:38:37'),
(901, 4, 7, '2022-08-20 09:38:37', '2022-08-20 09:38:37'),
(902, 48, 2, '2022-08-20 09:38:37', '2022-08-20 09:38:37'),
(903, 58, 8, '2022-08-20 09:38:37', '2022-08-20 09:38:37'),
(904, 79, 4, '2022-08-20 09:38:37', '2022-08-20 09:38:37'),
(905, 50, 9, '2022-08-20 09:38:37', '2022-08-20 09:38:37'),
(906, 71, 7, '2022-08-20 09:38:37', '2022-08-20 09:38:37'),
(907, 53, 2, '2022-08-20 09:38:37', '2022-08-20 09:38:37'),
(908, 23, 6, '2022-08-20 09:38:37', '2022-08-20 09:38:37'),
(909, 71, 6, '2022-08-20 09:38:37', '2022-08-20 09:38:37'),
(910, 8, 1, '2022-08-20 09:38:37', '2022-08-20 09:38:37'),
(911, 35, 9, '2022-08-20 09:38:37', '2022-08-20 09:38:37'),
(912, 68, 2, '2022-08-20 09:38:37', '2022-08-20 09:38:37'),
(913, 53, 6, '2022-08-20 09:38:37', '2022-08-20 09:38:37'),
(914, 89, 4, '2022-08-20 09:38:37', '2022-08-20 09:38:37'),
(915, 35, 4, '2022-08-20 09:38:37', '2022-08-20 09:38:37'),
(916, 37, 8, '2022-08-20 09:38:37', '2022-08-20 09:38:37'),
(917, 72, 3, '2022-08-20 09:38:37', '2022-08-20 09:38:37'),
(918, 56, 1, '2022-08-20 09:38:37', '2022-08-20 09:38:37'),
(919, 80, 9, '2022-08-20 09:38:37', '2022-08-20 09:38:37'),
(920, 60, 2, '2022-08-20 09:38:37', '2022-08-20 09:38:37'),
(921, 62, 8, '2022-08-20 09:38:37', '2022-08-20 09:38:37'),
(922, 16, 9, '2022-08-20 09:38:37', '2022-08-20 09:38:37'),
(923, 66, 6, '2022-08-20 09:38:37', '2022-08-20 09:38:37'),
(924, 28, 1, '2022-08-20 09:38:37', '2022-08-20 09:38:37'),
(925, 81, 8, '2022-08-20 09:38:37', '2022-08-20 09:38:37'),
(926, 96, 5, '2022-08-20 09:38:37', '2022-08-20 09:38:37'),
(927, 57, 8, '2022-08-20 09:38:37', '2022-08-20 09:38:37'),
(928, 63, 2, '2022-08-20 09:38:37', '2022-08-20 09:38:37'),
(929, 46, 6, '2022-08-20 09:38:37', '2022-08-20 09:38:37'),
(930, 41, 5, '2022-08-20 09:38:37', '2022-08-20 09:38:37'),
(931, 37, 10, '2022-08-20 09:38:37', '2022-08-20 09:38:37'),
(932, 69, 4, '2022-08-20 09:38:37', '2022-08-20 09:38:37'),
(933, 80, 8, '2022-08-20 09:38:37', '2022-08-20 09:38:37'),
(934, 19, 7, '2022-08-20 09:38:37', '2022-08-20 09:38:37'),
(935, 41, 10, '2022-08-20 09:38:37', '2022-08-20 09:38:37'),
(936, 69, 5, '2022-08-20 09:38:37', '2022-08-20 09:38:37'),
(937, 21, 3, '2022-08-20 09:38:37', '2022-08-20 09:38:37'),
(938, 34, 3, '2022-08-20 09:38:37', '2022-08-20 09:38:37'),
(939, 29, 6, '2022-08-20 09:38:37', '2022-08-20 09:38:37'),
(940, 92, 9, '2022-08-20 09:38:37', '2022-08-20 09:38:37'),
(941, 35, 9, '2022-08-20 09:38:37', '2022-08-20 09:38:37'),
(942, 54, 4, '2022-08-20 09:38:37', '2022-08-20 09:38:37'),
(943, 39, 4, '2022-08-20 09:38:37', '2022-08-20 09:38:37'),
(944, 100, 9, '2022-08-20 09:38:37', '2022-08-20 09:38:37'),
(945, 9, 3, '2022-08-20 09:38:37', '2022-08-20 09:38:37'),
(946, 18, 9, '2022-08-20 09:38:37', '2022-08-20 09:38:37'),
(947, 64, 9, '2022-08-20 09:38:37', '2022-08-20 09:38:37'),
(948, 95, 10, '2022-08-20 09:38:37', '2022-08-20 09:38:37'),
(949, 100, 9, '2022-08-20 09:38:37', '2022-08-20 09:38:37'),
(950, 41, 8, '2022-08-20 09:38:37', '2022-08-20 09:38:37'),
(951, 31, 1, '2022-08-20 09:38:37', '2022-08-20 09:38:37'),
(952, 94, 7, '2022-08-20 09:38:37', '2022-08-20 09:38:37'),
(953, 80, 8, '2022-08-20 09:38:37', '2022-08-20 09:38:37'),
(954, 4, 9, '2022-08-20 09:38:37', '2022-08-20 09:38:37'),
(955, 28, 8, '2022-08-20 09:38:37', '2022-08-20 09:38:37'),
(956, 51, 6, '2022-08-20 09:38:37', '2022-08-20 09:38:37'),
(957, 41, 9, '2022-08-20 09:38:37', '2022-08-20 09:38:37'),
(958, 36, 10, '2022-08-20 09:38:37', '2022-08-20 09:38:37'),
(959, 76, 5, '2022-08-20 09:38:37', '2022-08-20 09:38:37'),
(960, 45, 3, '2022-08-20 09:38:37', '2022-08-20 09:38:37'),
(961, 40, 5, '2022-08-20 09:38:37', '2022-08-20 09:38:37'),
(962, 84, 9, '2022-08-20 09:38:37', '2022-08-20 09:38:37'),
(963, 51, 5, '2022-08-20 09:38:37', '2022-08-20 09:38:37'),
(964, 42, 6, '2022-08-20 09:38:37', '2022-08-20 09:38:37'),
(965, 14, 5, '2022-08-20 09:38:37', '2022-08-20 09:38:37'),
(966, 99, 5, '2022-08-20 09:38:37', '2022-08-20 09:38:37'),
(967, 24, 3, '2022-08-20 09:38:37', '2022-08-20 09:38:37'),
(968, 23, 8, '2022-08-20 09:38:37', '2022-08-20 09:38:37'),
(969, 76, 6, '2022-08-20 09:38:37', '2022-08-20 09:38:37'),
(970, 100, 6, '2022-08-20 09:38:38', '2022-08-20 09:38:38'),
(971, 80, 6, '2022-08-20 09:38:38', '2022-08-20 09:38:38'),
(972, 8, 3, '2022-08-20 09:38:38', '2022-08-20 09:38:38'),
(973, 16, 8, '2022-08-20 09:38:38', '2022-08-20 09:38:38'),
(974, 86, 10, '2022-08-20 09:38:38', '2022-08-20 09:38:38'),
(975, 9, 5, '2022-08-20 09:38:38', '2022-08-20 09:38:38'),
(976, 16, 9, '2022-08-20 09:38:38', '2022-08-20 09:38:38'),
(977, 25, 10, '2022-08-20 09:38:38', '2022-08-20 09:38:38'),
(978, 36, 2, '2022-08-20 09:38:38', '2022-08-20 09:38:38'),
(979, 87, 1, '2022-08-20 09:38:38', '2022-08-20 09:38:38'),
(980, 98, 1, '2022-08-20 09:38:38', '2022-08-20 09:38:38'),
(981, 48, 9, '2022-08-20 09:38:38', '2022-08-20 09:38:38'),
(982, 89, 7, '2022-08-20 09:38:38', '2022-08-20 09:38:38'),
(983, 88, 9, '2022-08-20 09:38:38', '2022-08-20 09:38:38'),
(984, 54, 3, '2022-08-20 09:38:38', '2022-08-20 09:38:38'),
(985, 92, 2, '2022-08-20 09:38:38', '2022-08-20 09:38:38'),
(986, 25, 9, '2022-08-20 09:38:38', '2022-08-20 09:38:38'),
(987, 31, 1, '2022-08-20 09:38:38', '2022-08-20 09:38:38'),
(988, 59, 4, '2022-08-20 09:38:38', '2022-08-20 09:38:38'),
(989, 90, 1, '2022-08-20 09:38:38', '2022-08-20 09:38:38'),
(990, 59, 10, '2022-08-20 09:38:38', '2022-08-20 09:38:38'),
(991, 41, 3, '2022-08-20 09:38:38', '2022-08-20 09:38:38'),
(992, 34, 2, '2022-08-20 09:38:38', '2022-08-20 09:38:38'),
(993, 66, 4, '2022-08-20 09:38:38', '2022-08-20 09:38:38'),
(994, 86, 2, '2022-08-20 09:38:38', '2022-08-20 09:38:38'),
(995, 28, 4, '2022-08-20 09:38:38', '2022-08-20 09:38:38'),
(996, 64, 4, '2022-08-20 09:38:38', '2022-08-20 09:38:38'),
(997, 44, 7, '2022-08-20 09:38:38', '2022-08-20 09:38:38'),
(998, 1, 7, '2022-08-20 09:38:38', '2022-08-20 09:38:38'),
(999, 27, 9, '2022-08-20 09:38:38', '2022-08-20 09:38:38'),
(1000, 47, 2, '2022-08-20 09:38:38', '2022-08-20 09:38:38');

-- --------------------------------------------------------

--
-- Table structure for table `contacts`
--

CREATE TABLE `contacts` (
  `id` bigint(20) UNSIGNED NOT NULL,
  `phone_no` varchar(255) COLLATE utf8mb4_unicode_ci NOT NULL,
  `address` varchar(255) COLLATE utf8mb4_unicode_ci NOT NULL,
  `user_id` bigint(20) UNSIGNED NOT NULL,
  `created_at` timestamp NULL DEFAULT NULL,
  `updated_at` timestamp NULL DEFAULT NULL
) ENGINE=InnoDB DEFAULT CHARSET=utf8mb4 COLLATE=utf8mb4_unicode_ci;

--
-- Dumping data for table `contacts`
--

INSERT INTO `contacts` (`id`, `phone_no`, `address`, `user_id`, `created_at`, `updated_at`) VALUES
(1, '667-704-9855', '9057 Funk Harbors\nWillmsfort, MD 48342', 4, '2022-08-20 09:38:27', '2022-08-20 09:38:27'),
(2, '+1.458.485.7304', '52921 Schamberger Drive Suite 186\nAlecfort, KY 34504-8044', 8, '2022-08-20 09:38:27', '2022-08-20 09:38:27'),
(3, '(765) 915-5289', '5503 Elissa Circles\nClaudeville, AZ 55669', 10, '2022-08-20 09:38:27', '2022-08-20 09:38:27'),
(4, '+1.951.630.2668', '72860 Davis Plain Apt. 574\nMannside, DE 85832-2478', 5, '2022-08-20 09:38:27', '2022-08-20 09:38:27'),
(5, '1-346-520-3810', '489 Sheila Common Apt. 982\nNew Ceasarview, DE 58217', 3, '2022-08-20 09:38:27', '2022-08-20 09:38:27'),
(6, '(831) 972-4715', '5887 Roberts Mission Apt. 427\nSouth Althea, ID 53732', 7, '2022-08-20 09:38:27', '2022-08-20 09:38:27'),
(7, '878.813.8065', '925 Bria Locks\nPort Ron, OK 95493', 6, '2022-08-20 09:38:27', '2022-08-20 09:38:27'),
(8, '1-269-399-8293', '62983 Kub Parkways\nNorth Bretland, MS 75240', 2, '2022-08-20 09:38:27', '2022-08-20 09:38:27'),
(9, '+1-678-896-1730', '445 Daniel Ridge\nPercymouth, NV 20630-7358', 1, '2022-08-20 09:38:27', '2022-08-20 09:38:27'),
(10, '+1-503-763-6866', '80243 Ward Trafficway Suite 878\nJackyville, DC 56593', 9, '2022-08-20 09:38:27', '2022-08-20 09:38:27');

-- --------------------------------------------------------

--
-- Table structure for table `failed_jobs`
--

CREATE TABLE `failed_jobs` (
  `id` bigint(20) UNSIGNED NOT NULL,
  `uuid` varchar(255) COLLATE utf8mb4_unicode_ci NOT NULL,
  `connection` text COLLATE utf8mb4_unicode_ci NOT NULL,
  `queue` text COLLATE utf8mb4_unicode_ci NOT NULL,
  `payload` longtext COLLATE utf8mb4_unicode_ci NOT NULL,
  `exception` longtext COLLATE utf8mb4_unicode_ci NOT NULL,
  `failed_at` timestamp NOT NULL DEFAULT current_timestamp()
) ENGINE=InnoDB DEFAULT CHARSET=utf8mb4 COLLATE=utf8mb4_unicode_ci;

-- --------------------------------------------------------

--
-- Table structure for table `migrations`
--

CREATE TABLE `migrations` (
  `id` int(10) UNSIGNED NOT NULL,
  `migration` varchar(255) COLLATE utf8mb4_unicode_ci NOT NULL,
  `batch` int(11) NOT NULL
) ENGINE=InnoDB DEFAULT CHARSET=utf8mb4 COLLATE=utf8mb4_unicode_ci;

--
-- Dumping data for table `migrations`
--

INSERT INTO `migrations` (`id`, `migration`, `batch`) VALUES
(1, '2014_10_12_000000_create_users_table', 1),
(2, '2014_10_12_100000_create_password_resets_table', 1),
(3, '2019_08_19_000000_create_failed_jobs_table', 1),
(4, '2019_12_14_000001_create_personal_access_tokens_table', 1),
(5, '2022_08_20_072810_create_contacts_table', 1),
(6, '2022_08_20_080810_create_posts_table', 1),
(7, '2022_08_20_143539_create_categories_table', 1),
(8, '2022_08_20_145125_create_category_post_table', 1);

-- --------------------------------------------------------

--
-- Table structure for table `password_resets`
--

CREATE TABLE `password_resets` (
  `email` varchar(255) COLLATE utf8mb4_unicode_ci NOT NULL,
  `token` varchar(255) COLLATE utf8mb4_unicode_ci NOT NULL,
  `created_at` timestamp NULL DEFAULT NULL
) ENGINE=InnoDB DEFAULT CHARSET=utf8mb4 COLLATE=utf8mb4_unicode_ci;

-- --------------------------------------------------------

--
-- Table structure for table `personal_access_tokens`
--

CREATE TABLE `personal_access_tokens` (
  `id` bigint(20) UNSIGNED NOT NULL,
  `tokenable_type` varchar(255) COLLATE utf8mb4_unicode_ci NOT NULL,
  `tokenable_id` bigint(20) UNSIGNED NOT NULL,
  `name` varchar(255) COLLATE utf8mb4_unicode_ci NOT NULL,
  `token` varchar(64) COLLATE utf8mb4_unicode_ci NOT NULL,
  `abilities` text COLLATE utf8mb4_unicode_ci DEFAULT NULL,
  `last_used_at` timestamp NULL DEFAULT NULL,
  `expires_at` timestamp NULL DEFAULT NULL,
  `created_at` timestamp NULL DEFAULT NULL,
  `updated_at` timestamp NULL DEFAULT NULL
) ENGINE=InnoDB DEFAULT CHARSET=utf8mb4 COLLATE=utf8mb4_unicode_ci;

-- --------------------------------------------------------

--
-- Table structure for table `posts`
--

CREATE TABLE `posts` (
  `id` bigint(20) UNSIGNED NOT NULL,
  `title` varchar(255) COLLATE utf8mb4_unicode_ci NOT NULL,
  `description` varchar(255) COLLATE utf8mb4_unicode_ci NOT NULL,
  `user_id` bigint(20) UNSIGNED NOT NULL,
  `created_at` timestamp NULL DEFAULT NULL,
  `updated_at` timestamp NULL DEFAULT NULL
) ENGINE=InnoDB DEFAULT CHARSET=utf8mb4 COLLATE=utf8mb4_unicode_ci;

--
-- Dumping data for table `posts`
--

INSERT INTO `posts` (`id`, `title`, `description`, `user_id`, `created_at`, `updated_at`) VALUES
(1, 'Ms.', 'In maxime consectetur quibusdam aut amet ut. Corrupti debitis illo aut rem quam.', 6, '2022-08-20 09:38:27', '2022-08-20 09:38:27'),
(2, 'Prof.', 'Aut incidunt quos error explicabo dolorum.', 2, '2022-08-20 09:38:27', '2022-08-20 09:38:27'),
(3, 'Prof.', 'Amet praesentium omnis eum repellendus.', 2, '2022-08-20 09:38:27', '2022-08-20 09:38:27'),
(4, 'Dr.', 'Iste eos asperiores deleniti dolor est nemo. Nesciunt accusamus voluptatem eum quo qui deserunt nihil.', 5, '2022-08-20 09:38:27', '2022-08-20 09:38:27'),
(5, 'Dr.', 'Et aspernatur aut natus esse.', 2, '2022-08-20 09:38:27', '2022-08-20 09:38:27'),
(6, 'Prof.', 'Cum atque rem eos voluptas atque porro. Voluptatem ex maiores voluptatum.', 7, '2022-08-20 09:38:27', '2022-08-20 09:38:27'),
(7, 'Mr.', 'Dicta praesentium aliquid voluptas qui occaecati suscipit explicabo. Quo rerum voluptatem consequatur in sit quaerat quam.', 3, '2022-08-20 09:38:27', '2022-08-20 09:38:27'),
(8, 'Miss', 'Et similique illo laboriosam eum dolor. Doloremque odit provident assumenda laborum iure.', 10, '2022-08-20 09:38:27', '2022-08-20 09:38:27'),
(9, 'Mrs.', 'Vel eum et quae vero sapiente ut vel molestiae.', 3, '2022-08-20 09:38:27', '2022-08-20 09:38:27'),
(10, 'Dr.', 'Odit totam dolor occaecati id fugit.', 4, '2022-08-20 09:38:27', '2022-08-20 09:38:27'),
(11, 'Dr.', 'Saepe dolor eligendi sed ut. Fugit voluptatum error harum qui consequatur aspernatur.', 6, '2022-08-20 09:38:27', '2022-08-20 09:38:27'),
(12, 'Ms.', 'In quia quae ratione consectetur quo. Sunt facilis ut cupiditate est repellat.', 9, '2022-08-20 09:38:27', '2022-08-20 09:38:27'),
(13, 'Dr.', 'Quam sint impedit mollitia quis neque.', 3, '2022-08-20 09:38:27', '2022-08-20 09:38:27'),
(14, 'Prof.', 'Qui et autem ut optio quod fugit.', 2, '2022-08-20 09:38:27', '2022-08-20 09:38:27'),
(15, 'Ms.', 'Alias id sunt et.', 6, '2022-08-20 09:38:27', '2022-08-20 09:38:27'),
(16, 'Mr.', 'Iusto aut distinctio delectus.', 10, '2022-08-20 09:38:27', '2022-08-20 09:38:27'),
(17, 'Prof.', 'Temporibus aut sed quia inventore saepe dignissimos.', 1, '2022-08-20 09:38:27', '2022-08-20 09:38:27'),
(18, 'Prof.', 'Ut hic harum suscipit eum sed.', 4, '2022-08-20 09:38:27', '2022-08-20 09:38:27'),
(19, 'Prof.', 'Corrupti velit ex est illum aut vel autem. Est pariatur ratione voluptatum ut et quam.', 10, '2022-08-20 09:38:27', '2022-08-20 09:38:27'),
(20, 'Prof.', 'Deserunt laboriosam suscipit fuga tenetur non voluptatem illo.', 3, '2022-08-20 09:38:27', '2022-08-20 09:38:27'),
(21, 'Dr.', 'Est dolore architecto est fugiat blanditiis quia eius. Ratione ut aut quae eligendi eveniet fugit eveniet.', 6, '2022-08-20 09:38:27', '2022-08-20 09:38:27'),
(22, 'Miss', 'Cum ut quos mollitia voluptas et.', 7, '2022-08-20 09:38:27', '2022-08-20 09:38:27'),
(23, 'Dr.', 'Incidunt repellendus fugiat explicabo qui nihil error.', 7, '2022-08-20 09:38:27', '2022-08-20 09:38:27'),
(24, 'Mr.', 'Et cumque quisquam neque dolor.', 3, '2022-08-20 09:38:27', '2022-08-20 09:38:27'),
(25, 'Prof.', 'Veniam tempore nobis est temporibus quaerat.', 9, '2022-08-20 09:38:27', '2022-08-20 09:38:27'),
(26, 'Prof.', 'Sequi et numquam similique a porro modi aut.', 3, '2022-08-20 09:38:27', '2022-08-20 09:38:27'),
(27, 'Prof.', 'Sit ut odit accusantium autem explicabo delectus accusantium. Eum quis sit iure eos.', 7, '2022-08-20 09:38:27', '2022-08-20 09:38:27'),
(28, 'Prof.', 'Aut nulla doloribus ut.', 10, '2022-08-20 09:38:27', '2022-08-20 09:38:27'),
(29, 'Dr.', 'Quo expedita aut deleniti ut eum facere autem.', 10, '2022-08-20 09:38:27', '2022-08-20 09:38:27'),
(30, 'Mr.', 'Impedit laboriosam laudantium nam blanditiis nulla consequuntur at.', 3, '2022-08-20 09:38:27', '2022-08-20 09:38:27'),
(31, 'Prof.', 'Possimus facere quis at ea maxime voluptatem odit.', 1, '2022-08-20 09:38:27', '2022-08-20 09:38:27'),
(32, 'Miss', 'Quod ex enim harum laudantium debitis quas. Sit voluptatibus beatae et id est perferendis.', 7, '2022-08-20 09:38:27', '2022-08-20 09:38:27'),
(33, 'Dr.', 'Debitis neque eligendi ipsum.', 1, '2022-08-20 09:38:27', '2022-08-20 09:38:27'),
(34, 'Ms.', 'Doloribus excepturi recusandae corporis eaque exercitationem in voluptas placeat.', 8, '2022-08-20 09:38:27', '2022-08-20 09:38:27'),
(35, 'Prof.', 'Aliquam est et ut nisi et aperiam consequatur. Quaerat et error delectus dignissimos est nam qui quam.', 2, '2022-08-20 09:38:27', '2022-08-20 09:38:27'),
(36, 'Prof.', 'Eligendi quia dolores vel et quaerat velit. Ad quod numquam assumenda fuga.', 10, '2022-08-20 09:38:27', '2022-08-20 09:38:27'),
(37, 'Mr.', 'Neque deleniti delectus nihil.', 10, '2022-08-20 09:38:27', '2022-08-20 09:38:27'),
(38, 'Ms.', 'Aperiam ex ducimus quibusdam aut molestiae magnam.', 4, '2022-08-20 09:38:27', '2022-08-20 09:38:27'),
(39, 'Ms.', 'Dolor ea dolores est est ea nihil sint. Ullam accusamus sit sequi voluptas sequi.', 8, '2022-08-20 09:38:27', '2022-08-20 09:38:27'),
(40, 'Dr.', 'Esse et in praesentium neque quis voluptatem. Reprehenderit iusto molestiae repellendus voluptatem dolorem.', 1, '2022-08-20 09:38:27', '2022-08-20 09:38:27'),
(41, 'Dr.', 'Eos repellat ea officiis cupiditate sed. Velit suscipit ut eaque distinctio reprehenderit fugiat.', 2, '2022-08-20 09:38:27', '2022-08-20 09:38:27'),
(42, 'Dr.', 'Aut voluptatem vel modi molestias quo. Distinctio porro sapiente exercitationem molestias magnam.', 5, '2022-08-20 09:38:27', '2022-08-20 09:38:27'),
(43, 'Prof.', 'Deserunt laborum corrupti sequi voluptates sunt recusandae.', 1, '2022-08-20 09:38:28', '2022-08-20 09:38:28'),
(44, 'Mr.', 'Placeat laboriosam dolorem reprehenderit a dolor.', 10, '2022-08-20 09:38:28', '2022-08-20 09:38:28'),
(45, 'Mrs.', 'Impedit harum et repellendus libero.', 8, '2022-08-20 09:38:28', '2022-08-20 09:38:28'),
(46, 'Ms.', 'Rerum est consequatur rerum blanditiis numquam qui. Nihil quis in et quas quas accusamus saepe quae.', 3, '2022-08-20 09:38:28', '2022-08-20 09:38:28'),
(47, 'Miss', 'Quo quis aut laudantium. Natus qui officia qui repudiandae.', 8, '2022-08-20 09:38:28', '2022-08-20 09:38:28'),
(48, 'Dr.', 'Quasi accusantium autem dolor sint quasi officia. Qui optio a sit quod.', 6, '2022-08-20 09:38:28', '2022-08-20 09:38:28'),
(49, 'Dr.', 'Ab est hic eveniet iusto eum ea. Beatae aperiam sequi quas est et vero.', 2, '2022-08-20 09:38:28', '2022-08-20 09:38:28'),
(50, 'Miss', 'Quisquam ut aut odio unde est nihil.', 2, '2022-08-20 09:38:28', '2022-08-20 09:38:28'),
(51, 'Prof.', 'Dolores fugiat vero vel autem. Et omnis voluptatem recusandae voluptas cupiditate sint alias est.', 5, '2022-08-20 09:38:28', '2022-08-20 09:38:28'),
(52, 'Miss', 'Ut ad ex quia fugit voluptatem voluptatem. Eum assumenda nemo dolore sed.', 5, '2022-08-20 09:38:28', '2022-08-20 09:38:28'),
(53, 'Prof.', 'Qui eligendi pariatur iure laboriosam facilis natus culpa in. Dolorum laboriosam ducimus veniam explicabo et.', 10, '2022-08-20 09:38:28', '2022-08-20 09:38:28'),
(54, 'Dr.', 'Consequuntur dolore dolorem aut quaerat reprehenderit blanditiis.', 10, '2022-08-20 09:38:28', '2022-08-20 09:38:28'),
(55, 'Ms.', 'Labore atque exercitationem vero. Quia inventore magnam omnis et.', 10, '2022-08-20 09:38:28', '2022-08-20 09:38:28'),
(56, 'Prof.', 'A rem illo nostrum sequi qui. Dolorum ut eligendi in repellat architecto qui blanditiis quisquam.', 9, '2022-08-20 09:38:28', '2022-08-20 09:38:28'),
(57, 'Prof.', 'Iste enim et sed sit voluptas.', 7, '2022-08-20 09:38:28', '2022-08-20 09:38:28'),
(58, 'Mrs.', 'Quia quia cupiditate molestiae molestiae ducimus sequi.', 9, '2022-08-20 09:38:28', '2022-08-20 09:38:28'),
(59, 'Mrs.', 'Quia minus soluta rerum quo aspernatur explicabo est.', 9, '2022-08-20 09:38:28', '2022-08-20 09:38:28'),
(60, 'Dr.', 'Non unde ea neque voluptatem hic et atque. Explicabo qui qui et tempore rerum inventore assumenda.', 8, '2022-08-20 09:38:28', '2022-08-20 09:38:28'),
(61, 'Prof.', 'Nisi iste eius rerum tempora. Minima autem et deleniti cum sit pariatur non.', 9, '2022-08-20 09:38:28', '2022-08-20 09:38:28'),
(62, 'Dr.', 'Saepe cumque eaque animi expedita qui.', 3, '2022-08-20 09:38:28', '2022-08-20 09:38:28'),
(63, 'Ms.', 'Explicabo at quisquam vero. Consequuntur harum sunt earum dolores facilis perspiciatis.', 4, '2022-08-20 09:38:28', '2022-08-20 09:38:28'),
(64, 'Dr.', 'Odit voluptatibus quae alias doloribus perferendis ullam est.', 4, '2022-08-20 09:38:28', '2022-08-20 09:38:28'),
(65, 'Prof.', 'Repellat sit et ex mollitia ea nisi.', 10, '2022-08-20 09:38:28', '2022-08-20 09:38:28'),
(66, 'Dr.', 'Nobis dolore alias asperiores quas. Eveniet iste numquam natus ipsum sed.', 1, '2022-08-20 09:38:28', '2022-08-20 09:38:28'),
(67, 'Dr.', 'Ex rerum ipsum voluptates aut reiciendis dicta. Deserunt dolore ab aperiam eligendi consectetur nihil mollitia inventore.', 9, '2022-08-20 09:38:28', '2022-08-20 09:38:28'),
(68, 'Mrs.', 'Laudantium qui voluptas voluptatem iste consequatur ducimus et incidunt.', 5, '2022-08-20 09:38:28', '2022-08-20 09:38:28'),
(69, 'Prof.', 'Voluptatibus consequatur deserunt rerum amet deserunt itaque sed.', 10, '2022-08-20 09:38:28', '2022-08-20 09:38:28'),
(70, 'Mr.', 'Quibusdam beatae veniam totam. Ducimus est consectetur ut nobis.', 3, '2022-08-20 09:38:28', '2022-08-20 09:38:28'),
(71, 'Prof.', 'Qui ea commodi animi molestias qui qui qui.', 9, '2022-08-20 09:38:28', '2022-08-20 09:38:28'),
(72, 'Miss', 'Nulla cupiditate sequi eaque quia. Vitae qui saepe ut omnis.', 7, '2022-08-20 09:38:28', '2022-08-20 09:38:28'),
(73, 'Dr.', 'Velit quia tempora maxime neque facilis ipsa. Error voluptatem nisi velit ad.', 7, '2022-08-20 09:38:28', '2022-08-20 09:38:28'),
(74, 'Dr.', 'Corrupti dolorum ut tenetur mollitia illum at quisquam. Tenetur autem eius est voluptates quis iure.', 10, '2022-08-20 09:38:28', '2022-08-20 09:38:28'),
(75, 'Mrs.', 'Ut minima quas mollitia vitae quia qui. Aut labore ipsa vitae et eaque.', 7, '2022-08-20 09:38:28', '2022-08-20 09:38:28'),
(76, 'Mr.', 'Fuga nihil blanditiis ratione voluptatem in. Voluptatem ut quam voluptas hic et.', 5, '2022-08-20 09:38:28', '2022-08-20 09:38:28'),
(77, 'Mrs.', 'Distinctio veritatis commodi ex unde ex rerum autem.', 7, '2022-08-20 09:38:28', '2022-08-20 09:38:28'),
(78, 'Ms.', 'Occaecati aut ea quaerat minus nihil quis repellendus harum. Quis ex ducimus quasi ut.', 4, '2022-08-20 09:38:28', '2022-08-20 09:38:28'),
(79, 'Mr.', 'Repellat voluptatum similique iste quam et id. Quo sed nihil excepturi in voluptas animi.', 9, '2022-08-20 09:38:28', '2022-08-20 09:38:28'),
(80, 'Ms.', 'Officiis qui mollitia ducimus quidem delectus dolorem magni. Accusantium qui eaque earum corporis aut repellendus laborum.', 4, '2022-08-20 09:38:28', '2022-08-20 09:38:28'),
(81, 'Prof.', 'Deserunt in quia voluptatem libero at aperiam quia. Facilis accusamus voluptas sit quia.', 2, '2022-08-20 09:38:28', '2022-08-20 09:38:28'),
(82, 'Miss', 'Nulla ipsum molestiae quo.', 6, '2022-08-20 09:38:28', '2022-08-20 09:38:28'),
(83, 'Mrs.', 'Expedita aspernatur adipisci quisquam et recusandae.', 5, '2022-08-20 09:38:28', '2022-08-20 09:38:28'),
(84, 'Mr.', 'Iure quia dicta unde doloribus.', 2, '2022-08-20 09:38:28', '2022-08-20 09:38:28'),
(85, 'Miss', 'Cupiditate illo quia nobis perferendis asperiores.', 5, '2022-08-20 09:38:28', '2022-08-20 09:38:28'),
(86, 'Mrs.', 'Nihil molestias nesciunt minus minima voluptate eos ut quis. Excepturi sequi et saepe fuga laborum omnis.', 1, '2022-08-20 09:38:28', '2022-08-20 09:38:28'),
(87, 'Miss', 'Nemo aut nihil id.', 4, '2022-08-20 09:38:28', '2022-08-20 09:38:28'),
(88, 'Dr.', 'Impedit ipsam vel inventore voluptatem provident. Et provident natus ea sit.', 6, '2022-08-20 09:38:28', '2022-08-20 09:38:28'),
(89, 'Dr.', 'Est et autem occaecati corrupti corrupti tenetur. Quia architecto velit sapiente vitae.', 4, '2022-08-20 09:38:28', '2022-08-20 09:38:28'),
(90, 'Mrs.', 'Recusandae amet quis ipsam commodi.', 5, '2022-08-20 09:38:28', '2022-08-20 09:38:28'),
(91, 'Miss', 'Et aut quo ex incidunt consequatur. Iure consectetur eos qui praesentium esse.', 10, '2022-08-20 09:38:28', '2022-08-20 09:38:28'),
(92, 'Prof.', 'Aut esse voluptas saepe. Error voluptatum sed quidem est.', 9, '2022-08-20 09:38:28', '2022-08-20 09:38:28'),
(93, 'Miss', 'Ratione nulla natus ad sapiente nam iure consequatur. Recusandae nihil non totam cupiditate quisquam veritatis.', 8, '2022-08-20 09:38:28', '2022-08-20 09:38:28'),
(94, 'Mr.', 'Itaque autem ipsam aperiam numquam.', 8, '2022-08-20 09:38:28', '2022-08-20 09:38:28'),
(95, 'Dr.', 'Doloremque quaerat ad occaecati a reiciendis saepe cum tenetur. Quisquam cumque aut sunt.', 4, '2022-08-20 09:38:28', '2022-08-20 09:38:28'),
(96, 'Mr.', 'Nobis possimus tenetur earum fugiat.', 2, '2022-08-20 09:38:28', '2022-08-20 09:38:28'),
(97, 'Dr.', 'Unde eveniet iste itaque atque fuga laborum dignissimos reiciendis. Aperiam saepe voluptates alias neque culpa qui non.', 6, '2022-08-20 09:38:28', '2022-08-20 09:38:28'),
(98, 'Dr.', 'Eaque cumque et laudantium sit.', 8, '2022-08-20 09:38:28', '2022-08-20 09:38:28'),
(99, 'Mrs.', 'Dolore repudiandae consequatur quis vel in.', 8, '2022-08-20 09:38:28', '2022-08-20 09:38:28'),
(100, 'Mrs.', 'Expedita eaque illum voluptate velit nisi nam nobis. Rerum sapiente vel illum excepturi perspiciatis ut est aut.', 10, '2022-08-20 09:38:28', '2022-08-20 09:38:28');

-- --------------------------------------------------------

--
-- Table structure for table `users`
--

CREATE TABLE `users` (
  `id` bigint(20) UNSIGNED NOT NULL,
  `name` varchar(255) COLLATE utf8mb4_unicode_ci NOT NULL,
  `email` varchar(255) COLLATE utf8mb4_unicode_ci NOT NULL,
  `email_verified_at` timestamp NULL DEFAULT NULL,
  `password` varchar(255) COLLATE utf8mb4_unicode_ci NOT NULL,
  `remember_token` varchar(100) COLLATE utf8mb4_unicode_ci DEFAULT NULL,
  `created_at` timestamp NULL DEFAULT NULL,
  `updated_at` timestamp NULL DEFAULT NULL
) ENGINE=InnoDB DEFAULT CHARSET=utf8mb4 COLLATE=utf8mb4_unicode_ci;

--
-- Dumping data for table `users`
--

INSERT INTO `users` (`id`, `name`, `email`, `email_verified_at`, `password`, `remember_token`, `created_at`, `updated_at`) VALUES
(1, 'Darrel Powlowski', 'cole.wendell@example.net', '2022-08-20 09:38:27', '$2y$10$92IXUNpkjO0rOQ5byMi.Ye4oKoEa3Ro9llC/.og/at2.uheWG/igi', 'mBYZAxXo8V', '2022-08-20 09:38:27', '2022-08-20 09:38:27'),
(2, 'Brando D\'Amore', 'celine41@example.com', '2022-08-20 09:38:27', '$2y$10$92IXUNpkjO0rOQ5byMi.Ye4oKoEa3Ro9llC/.og/at2.uheWG/igi', 'uk7BP255MJ', '2022-08-20 09:38:27', '2022-08-20 09:38:27'),
(3, 'Gia Dickens', 'cary29@example.net', '2022-08-20 09:38:27', '$2y$10$92IXUNpkjO0rOQ5byMi.Ye4oKoEa3Ro9llC/.og/at2.uheWG/igi', 'WDoXpyzgQt', '2022-08-20 09:38:27', '2022-08-20 09:38:27'),
(4, 'Jeffery Schultz DVM', 'damien40@example.net', '2022-08-20 09:38:27', '$2y$10$92IXUNpkjO0rOQ5byMi.Ye4oKoEa3Ro9llC/.og/at2.uheWG/igi', '8Ac9w7f0lz', '2022-08-20 09:38:27', '2022-08-20 09:38:27'),
(5, 'Ms. Athena Lesch', 'america.lemke@example.net', '2022-08-20 09:38:27', '$2y$10$92IXUNpkjO0rOQ5byMi.Ye4oKoEa3Ro9llC/.og/at2.uheWG/igi', 'MULvmsKOW3', '2022-08-20 09:38:27', '2022-08-20 09:38:27'),
(6, 'Ashley Kuvalis', 'rconn@example.net', '2022-08-20 09:38:27', '$2y$10$92IXUNpkjO0rOQ5byMi.Ye4oKoEa3Ro9llC/.og/at2.uheWG/igi', '4PBTMVE9Xj', '2022-08-20 09:38:27', '2022-08-20 09:38:27'),
(7, 'Irma Will', 'layne.monahan@example.net', '2022-08-20 09:38:27', '$2y$10$92IXUNpkjO0rOQ5byMi.Ye4oKoEa3Ro9llC/.og/at2.uheWG/igi', '8vDD2DQcDr', '2022-08-20 09:38:27', '2022-08-20 09:38:27'),
(8, 'Javon Ledner', 'brain.pouros@example.com', '2022-08-20 09:38:27', '$2y$10$92IXUNpkjO0rOQ5byMi.Ye4oKoEa3Ro9llC/.og/at2.uheWG/igi', 'Oy45EctChh', '2022-08-20 09:38:27', '2022-08-20 09:38:27'),
(9, 'Cristopher Haley', 'oconner.maudie@example.com', '2022-08-20 09:38:27', '$2y$10$92IXUNpkjO0rOQ5byMi.Ye4oKoEa3Ro9llC/.og/at2.uheWG/igi', 'klrsact5op', '2022-08-20 09:38:27', '2022-08-20 09:38:27'),
(10, 'Dr. Hermann Watsica MD', 'queenie.turner@example.net', '2022-08-20 09:38:27', '$2y$10$92IXUNpkjO0rOQ5byMi.Ye4oKoEa3Ro9llC/.og/at2.uheWG/igi', 'UzjYRtnc4x', '2022-08-20 09:38:27', '2022-08-20 09:38:27');

--
-- Indexes for dumped tables
--

--
-- Indexes for table `categories`
--
ALTER TABLE `categories`
  ADD PRIMARY KEY (`id`);

--
-- Indexes for table `category_post`
--
ALTER TABLE `category_post`
  ADD PRIMARY KEY (`id`);

--
-- Indexes for table `contacts`
--
ALTER TABLE `contacts`
  ADD PRIMARY KEY (`id`);

--
-- Indexes for table `failed_jobs`
--
ALTER TABLE `failed_jobs`
  ADD PRIMARY KEY (`id`),
  ADD UNIQUE KEY `failed_jobs_uuid_unique` (`uuid`);

--
-- Indexes for table `migrations`
--
ALTER TABLE `migrations`
  ADD PRIMARY KEY (`id`);

--
-- Indexes for table `password_resets`
--
ALTER TABLE `password_resets`
  ADD KEY `password_resets_email_index` (`email`);

--
-- Indexes for table `personal_access_tokens`
--
ALTER TABLE `personal_access_tokens`
  ADD PRIMARY KEY (`id`),
  ADD UNIQUE KEY `personal_access_tokens_token_unique` (`token`),
  ADD KEY `personal_access_tokens_tokenable_type_tokenable_id_index` (`tokenable_type`,`tokenable_id`);

--
-- Indexes for table `posts`
--
ALTER TABLE `posts`
  ADD PRIMARY KEY (`id`);

--
-- Indexes for table `users`
--
ALTER TABLE `users`
  ADD PRIMARY KEY (`id`),
  ADD UNIQUE KEY `users_email_unique` (`email`);

--
-- AUTO_INCREMENT for dumped tables
--

--
-- AUTO_INCREMENT for table `categories`
--
ALTER TABLE `categories`
  MODIFY `id` bigint(20) UNSIGNED NOT NULL AUTO_INCREMENT, AUTO_INCREMENT=11;

--
-- AUTO_INCREMENT for table `category_post`
--
ALTER TABLE `category_post`
  MODIFY `id` bigint(20) UNSIGNED NOT NULL AUTO_INCREMENT, AUTO_INCREMENT=1001;

--
-- AUTO_INCREMENT for table `contacts`
--
ALTER TABLE `contacts`
  MODIFY `id` bigint(20) UNSIGNED NOT NULL AUTO_INCREMENT, AUTO_INCREMENT=11;

--
-- AUTO_INCREMENT for table `failed_jobs`
--
ALTER TABLE `failed_jobs`
  MODIFY `id` bigint(20) UNSIGNED NOT NULL AUTO_INCREMENT;

--
-- AUTO_INCREMENT for table `migrations`
--
ALTER TABLE `migrations`
  MODIFY `id` int(10) UNSIGNED NOT NULL AUTO_INCREMENT, AUTO_INCREMENT=9;

--
-- AUTO_INCREMENT for table `personal_access_tokens`
--
ALTER TABLE `personal_access_tokens`
  MODIFY `id` bigint(20) UNSIGNED NOT NULL AUTO_INCREMENT;

--
-- AUTO_INCREMENT for table `posts`
--
ALTER TABLE `posts`
  MODIFY `id` bigint(20) UNSIGNED NOT NULL AUTO_INCREMENT, AUTO_INCREMENT=101;

--
-- AUTO_INCREMENT for table `users`
--
ALTER TABLE `users`
  MODIFY `id` bigint(20) UNSIGNED NOT NULL AUTO_INCREMENT, AUTO_INCREMENT=11;
COMMIT;

/*!40101 SET CHARACTER_SET_CLIENT=@OLD_CHARACTER_SET_CLIENT */;
/*!40101 SET CHARACTER_SET_RESULTS=@OLD_CHARACTER_SET_RESULTS */;
/*!40101 SET COLLATION_CONNECTION=@OLD_COLLATION_CONNECTION */;
